PlayerN;Player;NationN;Nation;Pos;SquadN;Squad;AgeN;Age;90s;SCA;SCA90;PassLive;PassDead;DribSCA;ShSCA;FldSCA;DefSCA;GCA;GCA90;PassLive;PassDead;DribGCA;ShGCA;FldGCA;Def
Brenden Aaronson\5bc43860;Brenden Aaronson;us USA;USA;MF;at RB Salzburg;RB Salzburg;21-174;21;7.9;20;2.52;15;2;1;1;1;0;5;0.63;5;0;0;0;0;0
Malik Abubakari\47aaf574;Malik Abubakari;gh GHA;GHA;FW;se Malmö;Malmö;21-339;21;1.3;1;0.76;1;0;0;0;0;0;0;0.00;0;0;0;0;0;0
Marcos Acuña\81442ecb;Marcos Acuña;ar ARG;ARG;DF;es Sevilla;Sevilla;30-168;30;4.2;14;3.33;8;5;1;0;0;0;0;0.00;0;0;0;0;0;0
Tyler Adams\2b09d998;Tyler Adams;us USA;USA;MF;de RB Leipzig;RB Leipzig;23-059;23;3.3;2;0.61;2;0;0;0;0;0;0;0.00;0;0;0;0;0;0
Chikwubuike Adamu\82e12fe7;Chikwubuike Adamu;at AUT;AUT;FW;at RB Salzburg;RB Salzburg;20-312;20;2.6;5;1.90;4;0;0;0;1;0;0;0.00;0;0;0;0;0;0
Antonio Adán\65d62814;Antonio Adán;es ESP;ESP;GK;pt Sporting CP;Sporting CP;34-336;34;7.0;2;0.29;0;2;0;0;0;0;0;0.00;0;0;0;0;0;0
Edmund Addo\6af56975;Edmund Addo;gh GHA;GHA;MF;md Sheriff Tiraspol;Sheriff Tiraspol;21-332;21;5.4;7;1.29;6;0;0;0;0;1;0;0.00;0;0;0;0;0;0
Karim Adeyemi\501055d8;Karim Adeyemi;de GER;GER;FW;at RB Salzburg;RB Salzburg;20-086;20;6.7;20;2.99;11;0;2;1;6;0;4;0.60;2;0;0;0;2;0
Michel Aebischer\f9c927de;Michel Aebischer;ch SUI;SUI;MF;ch Young Boys;Young Boys;25-098;25;5.6;15;2.69;7;6;0;1;0;1;2;0.36;1;1;0;0;0;0
Sergio Agüero\4d034881;Sergio Agüero;ar ARG;ARG;FW;es Barcelona;Barcelona;33-316;33;0.2;1;5.63;1;0;0;0;0;0;0;0.00;0;0;0;0;0;0
Anel Ahmedhodzic\eab957a3;Anel Ahmedhodzic;ba BIH;BIH;DF;se Malmö;Malmö;23-019;23;4.6;1;0.22;1;0;0;0;0;0;0;0.00;0;0;0;0;0;0
Manuel Akanji\89ac64a6;Manuel Akanji;ch SUI;SUI;DF;de Dortmund;Dortmund;26-269;26;5.0;4;0.80;4;0;0;0;0;0;1;0.20;1;0;0;0;0;0
Nathan Aké\eaeca114;Nathan Aké;nl NED;NED;DF;eng Manchester City; Manchester City;27-055;27;3.6;6;1.66;5;0;0;0;0;1;1;0.28;0;0;0;0;0;1
David Alaba\05439de2;David Alaba;at AUT;AUT;DF;es Real Madrid;Real Madrid;29-294;29;10.0;9;0.90;7;1;0;0;0;1;0;0.00;0;0;0;0;0;0
Jordi Alba\4601e194;Jordi Alba;es ESP;ESP;DF;es Barcelona;Barcelona;33-024;33;4.1;7;1.69;7;0;0;0;0;0;1;0.24;1;0;0;0;0;0
Raúl Albiol\4bd414c1;Raúl Albiol;es ESP;ESP;DF;es Villarreal;Villarreal;36-222;36;9.7;2;0.21;2;0;0;0;0;0;0;0.00;0;0;0;0;0;0
Paco Alcácer\a7a9d95a;Paco Alcácer;es ESP;ESP;FW;es Villarreal;Villarreal;28-227;28;0.6;0;0.00;0;0;0;0;0;0;0;0.00;0;0;0;0;0;0
Thiago Alcántara\77e84962;Thiago Alcántara;es ESP;ESP;MF;eng Liverpool; Liverpool;31-003;31;4.0;8;2.02;8;0;0;0;0;0;0;0.00;0;0;0;0;0;0
Trent Alexander-Arnold\cd1acf9d;Trent Alexander-Arnold;eng ENG; ENG;DF;eng Liverpool; Liverpool;23-189;23;5.9;20;3.39;11;8;0;1;0;0;3;0.51;2;0;0;1;0;0
Alisson\7a2e46a8;Alisson;br BRA;BRA;GK;eng Liverpool; Liverpool;29-194;29;10.0;1;0.10;0;1;0;0;0;0;0;0.00;0;0;0;0;0;0
André Almeida\67b3d74b;André Almeida;pt POR;POR;DF;pt Benfica;Benfica;31-216;31;2.6;2;0.76;1;0;0;0;0;1;0;0.00;0;0;0;0;0;0
Marcos Alonso\f4290206;Marcos Alonso;es ESP;ESP;DF;eng Chelsea; Chelsea;31-107;31;6.1;15;2.46;5;8;0;2;0;0;1;0.16;1;0;0;0;0;0
Éder Álvarez Balanta\8ce30c57;Éder Álvarez Balanta;co COL;COL;MF;be Club Brugge;Club Brugge;29-045;29;4.5;5;1.11;4;0;0;0;0;1;0;0.00;0;0;0;0;0;0
Edson Álvarez\8b3ab7ad;Edson Álvarez;mx MEX;MEX;MF;nl Ajax;Ajax;24-172;24;6.2;6;0.97;4;1;0;1;0;0;0;0.00;0;0;0;0;0;0
Mohamed Aly Camara\24fc70d3;Mohamed Aly Camara;gn GUI;GUI;DF;ch Young Boys;Young Boys;24-229;24;3.8;4;1.04;3;0;0;1;0;0;0;0.00;0;0;0;0;0;0
Benjamin André\ef9c1c95;Benjamin André;fr FRA;FRA;MF;fr Lille;Lille;31-254;31;7.0;9;1.29;6;0;0;1;1;1;0;0.00;0;0;0;0;0;0
Oleksandr Andriyevskyi\4e3f5992;Oleksandr Andriyevskyi;ua UKR;UKR;MF;ua Dynamo Kyiv;Dynamo Kyiv;27-293;27;1.1;2;1.89;2;0;0;0;0;0;0;0.00;0;0;0;0;0;0
Angeliño\30941e96;Angeliño;es ESP;ESP;DF;de RB Leipzig;RB Leipzig;25-100;25;4.8;8;1.67;5;2;0;1;0;0;3;0.63;3;0;0;0;0;0
Marcos Antônio\108fe016;Marcos Antônio;br BRA;BRA;MF;ua Shakhtar;Shakhtar;21-305;21;2.8;5;1.76;4;0;0;1;0;0;0;0.00;0;0;0;0;0;0
Antony\99127249;Antony;br BRA;BRA;FW;nl Ajax;Ajax;22-049;22;6.4;29;4.55;24;0;1;3;0;1;10;1.57;7;0;1;1;0;1
Ronald Araújo\2bef2bca;Ronald Araújo;uy URU;URU;DF;es Barcelona;Barcelona;23-038;23;4.1;1;0.25;0;0;0;0;0;1;0;0.00;0;0;0;0;0;0
Danilo Arboleda\df418fc0;Danilo Arboleda;co COL;COL;DF;md Sheriff Tiraspol;Sheriff Tiraspol;26-333;26;6.0;1;0.17;0;0;0;0;1;0;0;0.00;0;0;0;0;0;0
Maximilian Arnold\86e119e0;Maximilian Arnold;de GER;GER;MF;de Wolfsburg;Wolfsburg;27-322;27;6.0;14;2.33;7;6;0;0;0;1;3;0.50;1;1;0;0;0;1
Kepa Arrizabalaga\28d596a0;Kepa Arrizabalaga;es ESP;ESP;GK;eng Chelsea; Chelsea;27-193;27;1.0;0;0.00;0;0;0;0;0;0;0;0.00;0;0;0;0;0;0
Marco Asensio\45af8a54;Marco Asensio;es ESP;ESP;FW;es Real Madrid;Real Madrid;26-083;26;1.8;4;2.24;3;1;0;0;0;0;1;0.56;1;0;0;0;0;0
Giorgos Athanasiadis\55b93ae0;Giorgos Athanasiadis;gr GRE;GRE;GK;md Sheriff Tiraspol;Sheriff Tiraspol;29-007;29;5.0;1;0.20;1;0;0;0;0;0;0;0.00;0;0;0;0;0;0
Ludwig Augustinsson\9fec8860;Ludwig Augustinsson;se SWE;SWE;DF;es Sevilla;Sevilla;27-358;27;0.9;2;2.25;1;1;0;0;0;0;0;0.00;0;0;0;0;0;0
Serge Aurier\5c2b4f07;Serge Aurier;ci CIV;CIV;DF;es Villarreal;Villarreal;29-111;29;1.1;1;0.89;1;0;0;0;0;0;1;0.89;1;0;0;0;0;0
Sardar Azmoun\10549b49;Sardar Azmoun;ir IRN;IRN;FW;ru Zenit;Zenit;27-103;27;3.4;6;1.78;3;0;1;2;0;0;2;0.59;0;0;1;1;0;0
César Azpilicueta\53cad200;César Azpilicueta;es ESP;ESP;DF;eng Chelsea; Chelsea;32-229;32;7.5;8;1.06;8;0;0;0;0;0;2;0.27;2;0;0;0;0;0
Eric Bailly\a1232f4e;Eric Bailly;ci CIV;CIV;DF;eng Manchester Utd; Manchester Utd;28-002;28;2.0;0;0.00;0;0;0;0;0;0;0;0.00;0;0;0;0;0;0
Tiemoué Bakayoko\59bf127b;Tiemoué Bakayoko;fr FRA;FRA;MF;it Milan;Milan;27-240;27;0.7;3;4.58;2;0;1;0;0;0;0;0.00;0;0;0;0;0;0
Ridle Baku\442b56fa;Ridle Baku;de GER;GER;DFFW;de Wolfsburg;Wolfsburg;24-006;24;4.6;6;1.31;4;2;0;0;0;0;0;0.00;0;0;0;0;0;0
Alejandro Balde\5ccc9672;Alejandro Balde;es ESP;ESP;DFFW;es Barcelona;Barcelona;18-178;18;0.2;1;4.29;1;0;0;0;0;0;0;0.00;0;0;0;0;0;0
Gareth Bale\a58bb1e1;Gareth Bale;wls WAL; WAL;FW;es Real Madrid;Real Madrid;32-272;32;0.1;0;0.00;0;0;0;0;0;0;0;0.00;0;0;0;0;0;0
David von Ballmoos\f7b10c66;David von Ballmoos;ch SUI;SUI;GK;ch Young Boys;Young Boys;27-105;27;3.0;1;0.33;1;0;0;0;0;0;0;0.00;0;0;0;0;0;0
Fodé Ballo-Touré\f449640d;Fodé Ballo-Touré;sn SEN;SEN;DFMF;it Milan;Milan;25-101;25;1.0;2;1.98;0;0;0;0;1;1;0;0.00;0;0;0;0;0;0
Jonathan Bamba\b2bd0f6c;Jonathan Bamba;fr FRA;FRA;MFFW;fr Lille;Lille;26-019;26;5.2;16;3.07;11;2;1;0;2;0;1;0.19;0;0;0;0;1;0
Nicolò Barella\6928979a;Nicolò Barella;it ITA;ITA;MF;it Inter;Inter;25-066;25;5.5;23;4.20;21;0;0;0;1;1;0;0.00;0;0;0;0;0;0
Ross Barkley\3a24769f;Ross Barkley;eng ENG; ENG;MF;eng Chelsea; Chelsea;28-130;28;1.1;6;5.57;3;3;0;0;0;0;2;1.86;1;1;0;0;0;0
Wílmar Barrios\8e7f49d3;Wílmar Barrios;co COL;COL;MFDF;ru Zenit;Zenit;28-180;28;6.0;5;0.83;5;0;0;0;0;0;1;0.17;1;0;0;0;0;0
Gil Bastião Dias\e61bdd69;Gil Bastião Dias;pt POR;POR;FW;pt Benfica;Benfica;25-198;25;0.0;0;0.00;0;0;0;0;0;0;0;0.00;0;0;0;0;0;0
Alessandro Bastoni\75b86fb3;Alessandro Bastoni;it ITA;ITA;DF;it Inter;Inter;23-001;23;7.4;8;1.08;8;0;0;0;0;0;0;0.00;0;0;0;0;0;0
Michy Batshuayi\2973d8ff;Michy Batshuayi;be BEL;BEL;FW;tr Beþiktaþ;Beþiktaþ;28-194;28;4.3;6;1.41;3;0;2;1;0;0;0;0.00;0;0;0;0;0;0
Donny van de Beek\50dc94ce;Donny van de Beek;nl NED;NED;MF;eng Manchester Utd; Manchester Utd;24-361;24;2.3;1;0.44;1;0;0;0;0;0;0;0.00;0;0;0;0;0;0
Jude Bellingham\57d88cf9;Jude Bellingham;eng ENG; ENG;MFFW;de Dortmund;Dortmund;18-289;18;5.6;20;3.60;12;0;7;0;1;0;5;0.90;3;0;1;0;1;0
Hatem Ben Arfa\74dc806c;Hatem Ben Arfa;fr FRA;FRA;FWMF;fr Lille;Lille;35-038;35;0.3;1;3.91;0;0;0;0;1;0;0;0.00;0;0;0;0;0;0
Ismaël Bennacer\db092d3b;Ismaël Bennacer;dz ALG;ALG;MF;it Milan;Milan;24-134;24;4.2;4;0.96;0;2;0;1;1;0;0;0.00;0;0;0;0;0;0
Rodrigo Bentancur\3b8674e6;Rodrigo Bentancur;uy URU;URU;MFFW;it Juventus;Juventus;24-313;24;4.2;7;1.67;6;0;0;0;0;1;1;0.24;1;0;0;0;0;0
Karim Benzema\70d74ece;Karim Benzema;fr FRA;FRA;FW;es Real Madrid;Real Madrid;34-116;34;9.1;36;3.96;29;0;5;1;0;1;3;0.33;3;0;0;0;0;0
Steven Berghuis\713c144a;Steven Berghuis;nl NED;NED;MF;nl Ajax;Ajax;30-116;30;6.9;33;4.77;28;5;0;0;0;0;2;0.29;2;0;0;0;0;0
Federico Bernardeschi\ee93c1a9;Federico Bernardeschi;it ITA;ITA;FWMF;it Juventus;Juventus;28-057;28;3.2;16;4.98;11;2;1;2;0;0;3;0.93;3;0;0;0;0;0
Bernardo\17370b95;Bernardo;br BRA;BRA;DFMF;at RB Salzburg;RB Salzburg;26-335;26;0.3;1;3.60;0;0;0;1;0;0;1;3.60;0;0;0;1;0;0
Paulo Bernardo\4142f132;Paulo Bernardo;pt POR;POR;MF;pt Benfica;Benfica;20-080;20;0.5;1;2.09;1;0;0;0;0;0;0;0.00;0;0;0;0;0;0
Veljko Birman?evi?\636247ca;Veljko Birman?evi?;rs SRB;SRB;FWMF;se Malmö;Malmö;24-040;24;3.9;8;2.05;5;0;1;0;1;1;1;0.26;1;0;0;0;0;0
Blanco\506daeac;Blanco;es ESP;ESP;MF;es Real Madrid;Real Madrid;21-265;21;0.1;0;0.00;0;0;0;0;0;0;0;0.00;0;0;0;0;0;0
Daley Blind\691bef82;Daley Blind;nl NED;NED;DF;nl Ajax;Ajax;32-036;32;6.3;13;2.05;12;0;1;0;0;0;2;0.32;2;0;0;0;0;0
Valerii Bondar\7713c72a;Valerii Bondar;ua UKR;UKR;DF;ua Shakhtar;Shakhtar;23-046;23;1.0;1;1.00;1;0;0;0;0;0;0;0.00;0;0;0;0;0;0
Artem Bondarenko\415568b5;Artem Bondarenko;ua UKR;UKR;MF;ua Shakhtar;Shakhtar;21-236;21;0.9;3;3.21;2;0;0;0;0;1;0;0.00;0;0;0;0;0;0
Solomon Bonnah\dd7b6eb8;Solomon Bonnah;nl NED;NED;DF;de RB Leipzig;RB Leipzig;18-238;18;0.1;0;0.00;0;0;0;0;0;0;0;0.00;0;0;0;0;0;0
Leonardo Bonucci\52ec54d0;Leonardo Bonucci;it ITA;ITA;DF;it Juventus;Juventus;34-348;34;6.4;8;1.24;8;0;0;0;0;0;2;0.31;2;0;0;0;0;0
Sebastiaan Bornauw\01834aa0;Sebastiaan Bornauw;be BEL;BEL;DF;de Wolfsburg;Wolfsburg;23-023;23;2.3;0;0.00;0;0;0;0;0;0;0;0.00;0;0;0;0;0;0
Sven Botman\ccce7025;Sven Botman;nl NED;NED;DF;fr Lille;Lille;22-092;22;4.6;2;0.43;2;0;0;0;0;0;0;0.00;0;0;0;0;0;0
Yassine Bounou\f6798fc3;Yassine Bounou;ma MAR;MAR;GK;es Sevilla;Sevilla;31-009;31;6.0;2;0.33;2;0;0;0;0;0;0;0.00;0;0;0;0;0;0
Denys Boyko\1e064bfb;Denys Boyko;ua UKR;UKR;GK;ua Dynamo Kyiv;Dynamo Kyiv;34-075;34;1.0;0;0.00;0;0;0;0;0;0;0;0.00;0;0;0;0;0;0
Can Bozdogan\b797f558;Can Bozdogan;de GER;GER;MF;tr Beþiktaþ;Beþiktaþ;21-009;21;2.4;5;2.05;4;1;0;0;0;0;0;0.00;0;0;0;0;0;0
Domagoj Bradari?\8bbe2df5;Domagoj Bradari?;hr CRO;CRO;DF;fr Lille;Lille;22-125;22;0.2;0;0.00;0;0;0;0;0;0;0;0.00;0;0;0;0;0;0
Conor Bradley\bbd67769;Conor Bradley;nir NIR; NIR;FW;eng Liverpool; Liverpool;18-279;18;0.0;0;0.00;0;0;0;0;0;0;0;0.00;0;0;0;0;0;0
Daniel Bragança\0c152537;Daniel Bragança;pt POR;POR;MFFW;pt Sporting CP;Sporting CP;22-322;22;1.5;4;2.71;3;0;0;0;0;1;0;0.00;0;0;0;0;0;0
Julian Brandt\a167537f;Julian Brandt;de GER;GER;MFFW;de Dortmund;Dortmund;25-347;25;4.4;13;2.96;8;3;1;0;0;1;1;0.23;1;0;0;0;0;0
Brian Brobbey\4c184730;Brian Brobbey;nl NED;NED;FWMF;de RB Leipzig;RB Leipzig;20-072;20;1.2;3;2.50;2;0;0;0;1;0;1;0.83;0;0;0;0;1;0
Brian Brobbey\4c184730;Brian Brobbey;nl NED;NED;FW;nl Ajax;Ajax;20-072;20;0.1;0;0.00;0;0;0;0;0;0;0;0.00;0;0;0;0;0;0
John Brooks\e27da244;John Brooks;us USA;USA;DF;de Wolfsburg;Wolfsburg;29-076;29;3.7;2;0.55;1;0;0;0;0;1;0;0.00;0;0;0;0;0;0
Franz Brorsson\08d37c53;Franz Brorsson;se SWE;SWE;DF;se Malmö;Malmö;26-074;26;5.0;3;0.61;2;1;0;0;0;0;0;0.00;0;0;0;0;0;0
Marcelo Brozovi?\33b8d077;Marcelo Brozovi?;hr CRO;CRO;MF;it Inter;Inter;29-149;29;7.0;19;2.71;12;4;1;2;0;0;4;0.57;2;1;1;0;0;0
Nicolas Bürgy\a4851d9e;Nicolas Bürgy;ch SUI;SUI;DF;ch Young Boys;Young Boys;26-250;26;2.0;0;0.00;0;0;0;0;0;0;0;0.00;0;0;0;0;0;0
Heorhiy Bushchan\eb2b33aa;Heorhiy Bushchan;ua UKR;UKR;GK;ua Dynamo Kyiv;Dynamo Kyiv;27-318;27;5.0;0;0.00;0;0;0;0;0;0;0;0.00;0;0;0;0;0;0
Sergio Busquets\5ab0ea87;Sergio Busquets;es ESP;ESP;MF;es Barcelona;Barcelona;33-272;33;5.4;7;1.30;7;0;0;0;0;0;1;0.19;1;0;0;0;0;0
Vitaliy Buyalskyi\b8814868;Vitaliy Buyalskyi;ua UKR;UKR;MFFW;ua Dynamo Kyiv;Dynamo Kyiv;29-098;29;4.8;16;3.32;10;0;3;0;2;1;0;0.00;0;0;0;0;0;0
Jovane Cabral\e34e086c;Jovane Cabral;cv CPV;CPV;FWMF;pt Sporting CP;Sporting CP;23-304;23;0.9;2;2.22;2;0;0;0;0;0;0;0.00;0;0;0;0;0;0
Davide Calabria\2146785a;Davide Calabria;it ITA;ITA;DF;it Milan;Milan;25-129;25;3.5;1;0.29;1;0;0;0;0;0;0;0.00;0;0;0;0;0;0
Hakan Çalhanoðlu\cd0fa27b;Hakan Çalhanoðlu;tr TUR;TUR;MF;it Inter;Inter;28-065;28;4.6;26;5.63;13;12;1;0;0;0;2;0.43;2;0;0;0;0;0
Mohamed Camara\489e80e3;Mohamed Camara;ml MLI;MLI;MF;at RB Salzburg;RB Salzburg;22-098;22;7.4;7;0.94;5;0;0;0;1;1;2;0.27;1;0;0;0;1;0
Eduardo Camavinga\7b9c2d84;Eduardo Camavinga;fr FRA;FRA;MFDF;es Real Madrid;Real Madrid;19-155;19;2.6;6;2.32;6;0;0;0;0;0;3;1.16;3;0;0;0;0;0
Emre Can\a65ce836;Emre Can;de GER;GER;DF;de Dortmund;Dortmund;28-092;28;0.8;2;2.47;2;0;0;0;0;0;0;0.00;0;0;0;0;0;0
João Cancelo\bd6351cd;João Cancelo;pt POR;POR;DF;eng Manchester City; Manchester City;27-322;27;8.0;27;3.38;24;1;0;1;0;1;4;0.50;4;0;0;0;0;0
Nicolás Capaldo\6885cc44;Nicolás Capaldo;ar ARG;ARG;MF;at RB Salzburg;RB Salzburg;24-212;24;3.2;6;1.89;4;1;0;1;0;0;0;0.00;0;0;0;0;0;0
Étienne Capoue\5acc4a10;Étienne Capoue;fr FRA;FRA;MF;es Villarreal;Villarreal;33-277;33;9.7;11;1.14;9;0;0;1;0;1;2;0.21;1;0;0;1;0;0
Fábio Cardoso\4a5839fa;Fábio Cardoso;pt POR;POR;DF;pt Porto;Porto;27-360;27;1.7;2;1.15;1;0;0;1;0;0;0;0.00;0;0;0;0;0;0
Diego Carlos\b4a014b1;Diego Carlos;br BRA;BRA;DF;es Sevilla;Sevilla;29-030;29;6.0;0;0.00;0;0;0;0;0;0;0;0.00;0;0;0;0;0;0
Yannick Carrasco\de39485a;Yannick Carrasco;be BEL;BEL;DFMF;es Atlético Madrid;Atlético Madrid;28-222;28;5.2;11;2.10;8;1;1;0;1;0;0;0.00;0;0;0;0;0;0
Scott Carson\3e1550ee;Scott Carson;eng ENG; ENG;GK;eng Manchester City; Manchester City;36-223;36;0.2;0;0.00;0;0;0;0;0;0;0;0.00;0;0;0;0;0;0
Dani Carvajal\4958bfb2;Dani Carvajal;es ESP;ESP;DF;es Real Madrid;Real Madrid;30-093;30;7.3;13;1.79;13;0;0;0;0;0;1;0.14;1;0;0;0;0;0
Casemiro\4d224fe8;Casemiro;br BRA;BRA;MF;es Real Madrid;Real Madrid;30-050;30;8.3;19;2.30;15;0;1;0;3;0;3;0.36;2;0;0;0;1;0
Frank Castañeda\0a396655;Frank Castañeda;co COL;COL;FW;md Sheriff Tiraspol;Sheriff Tiraspol;27-271;27;3.9;6;1.52;3;2;0;1;0;0;0;0.00;0;0;0;0;0;0
Koen Casteels\db401046;Koen Casteels;be BEL;BEL;GK;de Wolfsburg;Wolfsburg;29-293;29;5.0;0;0.00;0;0;0;0;0;0;0;0.00;0;0;0;0;0;0
Edinson Cavani\527f063d;Edinson Cavani;uy URU;URU;FW;eng Manchester Utd; Manchester Utd;35-059;35;0.9;0;0.00;0;0;0;0;0;0;0;0.00;0;0;0;0;0;0
Dani Ceballos\c0617e2b;Dani Ceballos;es ESP;ESP;FWMF;es Real Madrid;Real Madrid;25-250;25;0.1;0;0.00;0;0;0;0;0;0;0;0.00;0;0;0;0;0;0
Dumitru Celeadnic\2edbd8d5;Dumitru Celeadnic;md MDA;MDA;GK;md Sheriff Tiraspol;Sheriff Tiraspol;29-356;29;1.0;0;0.00;0;0;0;0;0;0;0;0.00;0;0;0;0;0;0
Zeki Çelik\31a62dc7;Zeki Çelik;tr TUR;TUR;DF;fr Lille;Lille;25-056;25;6.5;9;1.38;7;0;0;2;0;0;2;0.31;1;0;0;1;0;0
Leonardo César Jardim\f5dfc256;Leonardo César Jardim;br BRA;BRA;GK;fr Lille;Lille;27-025;27;2.0;0;0.00;0;0;0;0;0;0;0;0.00;0;0;0;0;0;0
Trevoh Chalobah\5515376c;Trevoh Chalobah;eng ENG; ENG;DF;eng Chelsea; Chelsea;22-283;22;2.0;1;0.51;1;0;0;0;0;0;0;0.00;0;0;0;0;0;0
Giorgio Chiellini\e85fb9b8;Giorgio Chiellini;it ITA;ITA;DF;it Juventus;Juventus;37-243;37;0.1;0;0.00;0;0;0;0;0;0;0;0.00;0;0;0;0;0;0
Federico Chiesa\b0f7e36c;Federico Chiesa;it ITA;ITA;FWMF;it Juventus;Juventus;24-171;24;3.7;17;4.58;8;2;4;0;2;1;3;0.81;0;0;2;0;1;0
Ben Chilwell\d2424d1b;Ben Chilwell;eng ENG; ENG;DF;eng Chelsea; Chelsea;25-114;25;2.1;4;1.93;1;3;0;0;0;0;0;0.00;0;0;0;0;0;0
Dmitri Chistyakov\bec8a4ba;Dmitri Chistyakov;ru RUS;RUS;DF;ru Zenit;Zenit;28-091;28;4.9;0;0.00;0;0;0;0;0;0;0;0.00;0;0;0;0;0;0
Andreas Christensen\1cb49278;Andreas Christensen;dk DEN;DEN;DF;eng Chelsea; Chelsea;26-004;26;6.7;6;0.90;5;0;0;1;0;0;1;0.15;1;0;0;0;0;0
Anders Christiansen\770ebf00;Anders Christiansen;dk DEN;DEN;MF;se Malmö;Malmö;31-310;31;3.6;8;2.20;4;2;0;2;0;0;0;0.00;0;0;0;0;0;0
Samuel Chukwueze\b8a642fc;Samuel Chukwueze;ng NGA;NGA;MF;es Villarreal;Villarreal;22-327;22;2.0;2;0.98;2;0;0;0;0;0;0;0.00;0;0;0;0;0;0
Claudinho\8d46713e;Claudinho;br BRA;BRA;MFFW;ru Zenit;Zenit;25-076;25;5.1;27;5.33;17;6;0;2;1;1;0;0.00;0;0;0;0;0;0
Sebastián Coates\1fbbfbde;Sebastián Coates;uy URU;URU;DF;pt Sporting CP;Sporting CP;31-189;31;6.0;3;0.50;2;0;0;1;0;0;2;0.33;1;0;0;1;0;0
Serafim Cojocari\48df060a;Serafim Cojocari;md MDA;MDA;FW;md Sheriff Tiraspol;Sheriff Tiraspol;21-097;21;0.0;0;0.00;0;0;0;0;0;0;0;0.00;0;0;0;0;0;0
Maxim Cojocaru\be305255;Maxim Cojocaru;md MDA;MDA;FWMF;md Sheriff Tiraspol;Sheriff Tiraspol;24-091;24;0.2;0;0.00;0;0;0;0;0;0;0;0.00;0;0;0;0;0;0
Antonio ?olak\bfde3de5;Antonio ?olak;hr CRO;CRO;FW;se Malmö;Malmö;28-209;28;5.5;5;0.90;3;0;0;1;1;0;0;0.00;0;0;0;0;0;0
Kingsley Coman\042e8a49;Kingsley Coman;fr FRA;FRA;FWDF;de Bayern Munich;Bayern Munich;25-305;25;7.0;48;6.88;31;0;11;2;3;1;7;1.00;4;0;2;0;0;1
Francisco Conceição\5ef3d210;Francisco Conceição;pt POR;POR;MFFW;pt Porto;Porto;19-121;19;0.4;0;0.00;0;0;0;0;0;0;0;0.00;0;0;0;0;0;0
Francis Coquelin\a6951bf8;Francis Coquelin;fr FRA;FRA;MF;es Villarreal;Villarreal;30-336;30;3.7;10;2.69;5;0;1;1;2;1;2;0.54;1;0;0;0;1;0
Jesús Corona\fb938d24;Jesús Corona;mx MEX;MEX;DFFW;pt Porto;Porto;29-098;29;2.4;3;1.26;3;0;0;0;0;0;0;0.00;0;0;0;0;0;0
Ángel Correa\01eb744d;Ángel Correa;ar ARG;ARG;FWMF;es Atlético Madrid;Atlético Madrid;27-036;27;4.5;14;3.10;13;0;0;1;0;0;1;0.22;1;0;0;0;0;0
Joaquín Correa\45b9b619;Joaquín Correa;ar ARG;ARG;FW;it Inter;Inter;27-244;27;1.2;3;2.43;2;0;0;1;0;0;0;0.00;0;0;0;0;0;0
Bruno Xavier Almeida Costa\7b4c1f6e;Bruno Xavier Almeida Costa;pt POR;POR;MF;pt Porto;Porto;24-360;24;0.1;0;0.00;0;0;0;0;0;0;0;0.00;0;0;0;0;0;0
Diogo Costa\93fffbcf;Diogo Costa;pt POR;POR;GK;pt Porto;Porto;22-207;22;6.0;0;0.00;0;0;0;0;0;0;0;0.00;0;0;0;0;0;0
Thibaut Courtois\1840e36d;Thibaut Courtois;be BEL;BEL;GK;es Real Madrid;Real Madrid;29-338;29;10.3;0;0.00;0;0;0;0;0;0;0;0.00;0;0;0;0;0;0
Philippe Coutinho\0ef89a37;Philippe Coutinho;br BRA;BRA;FWMF;es Barcelona;Barcelona;29-306;29;1.2;1;0.81;1;0;0;0;0;0;0;0.00;0;0;0;0;0;0
Juan Cuadrado\0ab1f153;Juan Cuadrado;co COL;COL;DFMF;it Juventus;Juventus;33-323;33;5.2;18;3.43;13;3;1;0;1;0;1;0.19;1;0;0;0;0;0
Matheus Cunha\dc62b55d;Matheus Cunha;br BRA;BRA;FWMF;es Atlético Madrid;Atlético Madrid;22-322;22;1.6;6;3.70;0;0;1;3;1;1;0;0.00;0;0;0;0;0;0
Danilo D'Ambrosio\44eb9093;Danilo D'Ambrosio;it ITA;ITA;DF;it Inter;Inter;33-217;33;1.6;3;1.84;2;0;1;0;0;0;0;0.00;0;0;0;0;0;0
Cosimo Marco Da Graca\32f76907;Cosimo Marco Da Graca;it ITA;ITA;FW;it Juventus;Juventus;19-348;19;0.0;0;0.00;0;0;0;0;0;0;0;0.00;0;0;0;0;0;0
Johan Dahlin\a04e2dd2;Johan Dahlin;se SWE;SWE;GK;se Malmö;Malmö;35-218;35;3.5;0;0.00;0;0;0;0;0;0;0;0.00;0;0;0;0;0;0
Mahmoud Dahoud\db4ed67b;Mahmoud Dahoud;de GER;GER;MF;de Dortmund;Dortmund;26-103;26;2.4;15;6.37;8;3;1;2;1;0;4;1.70;2;1;0;0;1;0
Diogo Dalot\d9565625;Diogo Dalot;pt POR;POR;DF;eng Manchester Utd; Manchester Utd;23-027;23;2.6;8;3.08;7;0;0;1;0;0;0;0.00;0;0;0;0;0;0
Danilo\94b2001f;Danilo;br BRA;BRA;DF;it Juventus;Juventus;30-273;30;5.0;8;1.60;8;0;0;0;0;0;2;0.40;2;0;0;0;0;0
Mohammed Daramy\06a1d642;Mohammed Daramy;dk DEN;DEN;FW;nl Ajax;Ajax;20-097;20;0.6;0;0.00;0;0;0;0;0;0;0;0.00;0;0;0;0;0;0
Matteo Darmian\96e0490d;Matteo Darmian;it ITA;ITA;DF;it Inter;Inter;32-133;32;2.2;5;2.28;3;0;0;1;1;0;1;0.46;0;0;0;1;0;0
Jonathan David\ce50fd99;Jonathan David;ca CAN;CAN;FW;fr Lille;Lille;22-090;22;7.5;18;2.40;11;0;4;1;2;0;1;0.13;1;0;0;0;0;0
Alphonso Davies\d781d855;Alphonso Davies;ca CAN;CAN;DF;de Bayern Munich;Bayern Munich;21-163;21;5.3;15;2.84;11;0;1;2;0;1;2;0.38;2;0;0;0;0;0
Kevin De Bruyne\e46012d4;Kevin De Bruyne;be BEL;BEL;MF;eng Manchester City; Manchester City;30-290;30;6.3;35;5.54;27;6;1;1;0;0;4;0.63;4;0;0;0;0;0
Charles De Ketelaere\2ef7c612;Charles De Ketelaere;be BEL;BEL;FW;be Club Brugge;Club Brugge;21-035;21;5.5;16;2.90;12;1;2;0;1;0;2;0.36;1;0;1;0;0;0
Rodrigo De Paul\162efffd;Rodrigo De Paul;ar ARG;ARG;MF;es Atlético Madrid;Atlético Madrid;27-325;27;6.4;19;2.96;9;4;1;2;2;1;0;0.00;0;0;0;0;0;0
Mattia De Sciglio\ae4e2852;Mattia De Sciglio;it ITA;ITA;DF;it Juventus;Juventus;29-176;29;3.2;7;2.20;7;0;0;0;0;0;1;0.31;1;0;0;0;0;0
Koni De Winter\f4797849;Koni De Winter;be BEL;BEL;DF;it Juventus;Juventus;19-306;19;0.9;1;1.11;1;0;0;0;0;0;0;0.00;0;0;0;0;0;0
Thomas Delaney\fe641c1a;Thomas Delaney;dk DEN;DEN;MF;es Sevilla;Sevilla;30-223;30;2.2;5;2.25;4;0;0;0;1;0;0;0.00;0;0;0;0;0;0
Liam Delap\dd897ee7;Liam Delap;eng ENG; ENG;FW;eng Manchester City; Manchester City;19-065;19;0.1;0;0.00;0;0;0;0;0;0;0;0.00;0;0;0;0;0;0
Ousmane Dembélé\b19db005;Ousmane Dembélé;fr FRA;FRA;FWDF;es Barcelona;Barcelona;24-334;24;1.4;4;2.93;3;0;0;1;0;0;0;0.00;0;0;0;0;0;0
Yusuf Demir\fa265f6d;Yusuf Demir;at AUT;AUT;DFFW;es Barcelona;Barcelona;18-316;18;1.1;3;2.65;1;0;1;0;1;0;0;0.00;0;0;0;0;0;0
Merih Demiral\e3cceee6;Merih Demiral;tr TUR;TUR;DF;it Atalanta;Atalanta;24-040;24;4.1;2;0.49;2;0;0;0;0;0;1;0.24;1;0;0;0;0;0
Dentinho\85686f86;Dentinho;br BRA;BRA;FW;ua Shakhtar;Shakhtar;33-085;33;0.1;0;0.00;0;0;0;0;0;0;0;0.00;0;0;0;0;0;0
Memphis Depay\8f696594;Memphis Depay;nl NED;NED;FW;es Barcelona;Barcelona;28-060;28;5.8;26;4.47;12;12;0;2;0;0;0;0.00;0;0;0;0;0;0
Sergiño Dest\5976f83e;Sergiño Dest;us USA;USA;DFFW;es Barcelona;Barcelona;21-162;21;2.6;3;1.17;2;0;0;0;1;0;0;0.00;0;0;0;0;0;0
Ersin Destanoðlu\52b3c895;Ersin Destanoðlu;tr TUR;TUR;GK;tr Beþiktaþ;Beþiktaþ;21-103;21;5.0;0;0.00;0;0;0;0;0;0;0;0.00;0;0;0;0;0;0
Ángel Di María\19cda00b;Ángel Di María;ar ARG;ARG;FW;fr Paris S-G;Paris S-G;34-059;34;2.9;10;3.47;7;3;0;0;0;0;2;0.69;1;1;0;0;0;0
Boulaye Dia\244bc2c8;Boulaye Dia;sn SEN;SEN;FW;es Villarreal;Villarreal;25-149;25;1.8;3;1.67;2;0;0;1;0;0;0;0.00;0;0;0;0;0;0
Abdou Diallo\fc62f087;Abdou Diallo;sn SEN;SEN;DF;fr Paris S-G;Paris S-G;25-345;25;1.8;1;0.55;1;0;0;0;0;0;1;0.55;1;0;0;0;0;0
Amad Diallo\9dc96f10;Amad Diallo;ci CIV;CIV;MF;eng Manchester Utd; Manchester Utd;19-277;19;0.7;1;1.34;1;0;0;0;0;0;0;0.00;0;0;0;0;0;0
Rúben Dias\31c69ef1;Rúben Dias;pt POR;POR;DF;eng Manchester City; Manchester City;24-335;24;5.0;4;0.79;2;0;1;1;0;0;3;0.59;2;0;0;1;0;0
Ismael Diawara\a9107589;Ismael Diawara;ml MLI;MLI;GK;se Malmö;Malmö;27-154;27;2.5;0;0.00;0;0;0;0;0;0;0;0.00;0;0;0;0;0;0
Brahim Díaz\407feb71;Brahim Díaz;es ESP;ESP;MF;it Milan;Milan;22-254;22;3.9;8;2.07;6;0;0;0;1;1;3;0.78;2;0;0;0;1;0
Luis Díaz\4a1a9578;Luis Díaz;co COL;COL;MFFW;pt Porto;Porto;25-091;25;5.8;13;2.25;11;0;1;0;0;1;0;0.00;0;0;0;0;0;0
Luis Díaz\4a1a9578;Luis Díaz;co COL;COL;FW;eng Liverpool; Liverpool;25-091;25;2.2;10;4.62;6;0;2;0;1;1;3;1.38;1;0;1;0;1;0
Virgil van Dijk\e06683ca;Virgil van Dijk;nl NED;NED;DF;eng Liverpool; Liverpool;30-280;30;6.0;2;0.33;2;0;0;0;0;0;0;0.00;0;0;0;0;0;0
Federico Dimarco\970b8574;Federico Dimarco;it ITA;ITA;DF;it Inter;Inter;24-155;24;3.1;15;4.79;5;9;0;1;0;0;1;0.32;0;1;0;0;0;0
Junior Dina Ebimbe\95bb6ddc;Junior Dina Ebimbe;fr FRA;FRA;MF;fr Paris S-G;Paris S-G;21-144;21;0.1;1;12.86;0;0;0;1;0;0;0;0.00;0;0;0;0;0;0
Tiago Djaló\b2336681;Tiago Djaló;pt POR;POR;DF;fr Lille;Lille;22-005;22;5.9;3;0.51;2;0;0;0;0;1;0;0.00;0;0;0;0;0;0
Berat Djimsiti\6eee05f1;Berat Djimsiti;al ALB;ALB;DF;it Atalanta;Atalanta;29-054;29;2.9;5;1.73;4;0;0;0;1;0;0;0.00;0;0;0;0;0;0
Dodô\b5f7d10b;Dodô;br BRA;BRA;DF;ua Shakhtar;Shakhtar;23-148;23;6.0;9;1.50;9;0;0;0;0;0;1;0.17;1;0;0;0;0;0
Gianluigi Donnarumma\08f5afaa;Gianluigi Donnarumma;it ITA;ITA;GK;fr Paris S-G;Paris S-G;23-048;23;5.0;1;0.20;1;0;0;0;0;0;0;0.00;0;0;0;0;0;0
Bas Dost\dc90cfbe;Bas Dost;nl NED;NED;FW;be Club Brugge;Club Brugge;32-318;32;0.8;1;1.29;1;0;0;0;0;0;0;0.00;0;0;0;0;0;0
Julian Draxler\1a992676;Julian Draxler;de GER;GER;FWMF;fr Paris S-G;Paris S-G;28-206;28;1.6;3;1.89;3;0;0;0;0;0;2;1.26;2;0;0;0;0;0
Rodrigo Duarte\484a3eae;Rodrigo Duarte;pt POR;POR;FW;pt Sporting CP;Sporting CP;16-351;16;0.0;0;0.00;0;0;0;0;0;0;0;0.00;0;0;0;0;0;0
Gustavo Dulanto\e426b012;Gustavo Dulanto;pe PER;PER;DF;md Sheriff Tiraspol;Sheriff Tiraspol;26-221;26;6.0;2;0.33;2;0;0;0;0;0;0;0.00;0;0;0;0;0;0
Denzel Dumfries\481c9ece;Denzel Dumfries;nl NED;NED;DF;it Inter;Inter;25-361;25;5.2;12;2.32;7;1;1;0;2;1;1;0.19;1;0;0;0;0;0
Paulo Dybala\e0921a4f;Paulo Dybala;ar ARG;ARG;FWMF;it Juventus;Juventus;28-150;28;2.8;13;4.61;9;0;3;0;0;1;1;0.35;1;0;0;0;0;0
Edin D?eko\3bb7f478;Edin D?eko;ba BIH;BIH;FW;it Inter;Inter;36-028;36;6.0;11;1.84;10;0;0;1;0;0;1;0.17;1;0;0;0;0;0
Artem Dzyuba\448a3608;Artem Dzyuba;ru RUS;RUS;FW;ru Zenit;Zenit;33-235;33;3.1;8;2.59;6;0;0;1;1;0;2;0.65;1;0;0;0;1;0
Ederson\3bb7b8b4;Ederson;br BRA;BRA;GK;eng Manchester City; Manchester City;28-240;28;8.8;0;0.00;0;0;0;0;0;0;0;0.00;0;0;0;0;0;0
Marcus Edwards\57760e66;Marcus Edwards;eng ENG; ENG;MF;pt Sporting CP;Sporting CP;23-132;23;0.4;3;8.18;2;0;0;0;1;0;0;0.00;0;0;0;0;0;0
CJ Egan-Riley\d313e8ff;CJ Egan-Riley;eng ENG; ENG;DF;eng Manchester City; Manchester City;19-102;19;1.0;0;0.00;0;0;0;0;0;0;0;0.00;0;0;0;0;0;0
Noah Eile\e1574c2d;Noah Eile;se SWE;SWE;DF;se Malmö;Malmö;19-269;19;0.0;0;0.00;0;0;0;0;0;0;0;0.00;0;0;0;0;0;0
Anthony Elanga\2fba6108;Anthony Elanga;se SWE;SWE;FWMF;eng Manchester Utd; Manchester Utd;19-352;19;1.9;3;1.57;2;0;1;0;0;0;1;0.52;1;0;0;0;0;0
Harvey Elliott\c8387671;Harvey Elliott;eng ENG; ENG;MF;eng Liverpool; Liverpool;19-010;19;0.6;1;1.55;1;0;0;0;0;0;0;0.00;0;0;0;0;0;0
Youssef En-Nesyri\04e17fd5;Youssef En-Nesyri;ma MAR;MAR;FWMF;es Sevilla;Sevilla;24-317;24;0.9;1;1.08;0;0;0;0;1;0;1;1.08;0;0;0;0;1;0
Aleksandr Erokhin\1c78737d;Aleksandr Erokhin;ru RUS;RUS;MF;ru Zenit;Zenit;32-183;32;1.2;2;1.65;1;0;0;1;0;0;0;0.00;0;0;0;0;0;0
Ricardo Esgaio\12dcbdcc;Ricardo Esgaio;pt POR;POR;DF;pt Sporting CP;Sporting CP;28-333;28;4.3;5;1.17;4;1;0;0;0;0;2;0.47;2;0;0;0;0;0
Dario Essugo\1e4319ac;Dario Essugo;pt POR;POR;MF;pt Sporting CP;Sporting CP;17-031;17;0.1;0;0.00;0;0;0;0;0;0;0;0.00;0;0;0;0;0;0
Gonçalo Esteves\ea3b4578;Gonçalo Esteves;pt POR;POR;DF;pt Sporting CP;Sporting CP;18-046;18;0.8;3;3.75;2;0;0;0;0;1;0;0.00;0;0;0;0;0;0
Pervis Estupiñán\d38fdf53;Pervis Estupiñán;ec ECU;ECU;DF;es Villarreal;Villarreal;24-083;24;5.5;6;1.09;4;0;1;0;1;0;0;0.00;0;0;0;0;0;0
Evanilson\6f3cc2fe;Evanilson;br BRA;BRA;FW;pt Porto;Porto;22-190;22;3.4;7;2.03;5;0;1;0;1;0;2;0.58;1;0;0;0;1;0
Fabinho\7f3b388c;Fabinho;br BRA;BRA;MF;eng Liverpool; Liverpool;28-173;28;6.5;14;2.15;11;0;0;1;2;0;1;0.15;1;0;0;0;0;0
Guillaume Faivre\11c7fa75;Guillaume Faivre;ch SUI;SUI;GK;ch Young Boys;Young Boys;35-053;35;3.0;0;0.00;0;0;0;0;0;0;0;0.00;0;0;0;0;0;0
Christian Fassnacht\0aeeed3f;Christian Fassnacht;ch SUI;SUI;MFFW;ch Young Boys;Young Boys;28-154;28;3.0;6;2.01;5;0;0;0;0;1;1;0.33;1;0;0;0;0;0
Ansu Fati\0ba976e4;Ansu Fati;es ESP;ESP;FW;es Barcelona;Barcelona;19-165;19;1.7;4;2.34;2;1;0;0;1;0;0;0.00;0;0;0;0;0;0
Zouhair Feddal\89151b16;Zouhair Feddal;ma MAR;MAR;DF;pt Sporting CP;Sporting CP;33-103;33;5.0;2;0.40;2;0;0;0;0;0;1;0.20;1;0;0;0;0;0
Felipe\51a3c4c8;Felipe;br BRA;BRA;DFMF;es Atlético Madrid;Atlético Madrid;32-333;32;5.2;0;0.00;0;0;0;0;0;0;0;0.00;0;0;0;0;0;0
João Félix\8aafd64f;João Félix;pt POR;POR;FWMF;es Atlético Madrid;Atlético Madrid;22-155;22;6.3;11;1.74;10;0;1;0;0;0;3;0.48;2;0;1;0;0;0
Bruno Fernandes\507c7bdf;Bruno Fernandes;pt POR;POR;MF;eng Manchester Utd; Manchester Utd;27-218;27;5.8;30;5.21;23;4;1;0;1;1;7;1.22;6;1;0;0;0;0
Fernandinho\101da2b5;Fernandinho;br BRA;BRA;MF;eng Manchester City; Manchester City;36-345;36;2.9;7;2.40;6;0;0;0;0;1;1;0.34;1;0;0;0;0;0
Fernando\41f32541;Fernando;br BRA;BRA;MFDF;es Sevilla;Sevilla;34-263;34;6.0;9;1.50;8;0;0;0;0;1;1;0.17;1;0;0;0;0;0
Fernando\fe29c96e;Fernando;br BRA;BRA;DF;md Sheriff Tiraspol;Sheriff Tiraspol;23-136;23;6.0;4;0.67;3;1;0;0;0;0;1;0.17;0;1;0;0;0;0
Fernando\d9d43555;Fernando;br BRA;BRA;FW;ua Shakhtar;Shakhtar;23-044;23;3.8;11;2.86;6;0;2;1;1;1;0;0.00;0;0;0;0;0;0
Roberto Firmino\4c370d81;Roberto Firmino;br BRA;BRA;FW;eng Liverpool; Liverpool;30-194;30;3.5;4;1.16;4;0;0;0;0;0;0;0.00;0;0;0;0;0;0
Alessandro Florenzi\e288d4b3;Alessandro Florenzi;it ITA;ITA;DFFW;it Milan;Milan;31-034;31;1.0;1;0.98;0;1;0;0;0;0;0;0.00;0;0;0;0;0;0
Phil Foden\ed1e53f3;Phil Foden;eng ENG; ENG;FW;eng Manchester City; Manchester City;21-321;21;5.0;16;3.21;12;1;0;3;0;0;4;0.80;3;0;0;1;0;0
José Fonte\90f87966;José Fonte;pt POR;POR;DF;fr Lille;Lille;38-113;38;8.0;6;0.75;4;0;0;2;0;0;0;0.00;0;0;0;0;0;0
Emil Forsberg\9a2e0ccc;Emil Forsberg;se SWE;SWE;MFFW;de RB Leipzig;RB Leipzig;30-173;30;4.3;12;2.82;9;2;1;0;0;0;3;0.70;3;0;0;0;0;0
Juan Foyth\6c7762c3;Juan Foyth;ar ARG;ARG;DF;es Villarreal;Villarreal;24-092;24;7.9;2;0.25;2;0;0;0;0;0;0;0.00;0;0;0;0;0;0
Lassina Franck Traoré\f620b04f;Lassina Franck Traoré;bf BFA;BFA;FW;ua Shakhtar;Shakhtar;21-092;21;1.1;2;1.80;1;0;0;1;0;0;0;0.00;0;0;0;0;0;0
Fred\b853e0ad;Fred;br BRA;BRA;MF;eng Manchester Utd; Manchester Utd;29-040;29;4.8;9;1.88;7;1;0;0;1;0;2;0.42;2;0;0;0;0;0
Remo Freuler\98d2c2c4;Remo Freuler;ch SUI;SUI;MF;it Atalanta;Atalanta;29-364;29;5.8;14;2.40;13;0;0;0;0;1;1;0.17;1;0;0;0;0;0
Roberto Gagliardini\ce30bfc8;Roberto Gagliardini;it ITA;ITA;MF;it Inter;Inter;28-007;28;0.8;1;1.27;1;0;0;0;0;0;0;0.00;0;0;0;0;0;0
Idrissa Gana Gueye\72c812f3;Idrissa Gana Gueye;sn SEN;SEN;MF;fr Paris S-G;Paris S-G;32-200;32;4.4;6;1.35;4;0;1;0;1;0;0;0.00;0;0;0;0;0;0
Eric García\2bed3eab;Eric García;es ESP;ESP;DF;es Barcelona;Barcelona;21-095;21;2.7;4;1.46;4;0;0;0;0;0;0;0.00;0;0;0;0;0;0
Ulisses Garcia\c952f633;Ulisses Garcia;ch SUI;SUI;DF;ch Young Boys;Young Boys;26-093;26;4.8;8;1.66;5;2;1;0;0;0;0;0.00;0;0;0;0;0;0
Mario Gaspar\fb5d47b3;Mario Gaspar;es ESP;ESP;DF;es Villarreal;Villarreal;31-141;31;1.0;2;1.94;2;0;0;0;0;0;0;0.00;0;0;0;0;0;0
David de Gea\7ba6d84e;David de Gea;es ESP;ESP;GK;eng Manchester Utd; Manchester Utd;31-158;31;7.0;0;0.00;0;0;0;0;0;0;0;0.00;0;0;0;0;0;0
Yannick Gerhardt\62ab9184;Yannick Gerhardt;de GER;GER;FW;de Wolfsburg;Wolfsburg;28-032;28;2.1;5;2.36;5;0;0;0;0;0;1;0.47;1;0;0;0;0;0
Rachid Ghezzal\dc3a9a0d;Rachid Ghezzal;dz ALG;ALG;FWMF;tr Beþiktaþ;Beþiktaþ;29-340;29;3.8;8;2.10;7;1;0;0;0;0;0;0.00;0;0;0;0;0;0
Gilberto\1338e42b;Gilberto;br BRA;BRA;DF;pt Benfica;Benfica;29-038;29;7.9;5;0.63;4;0;0;1;0;0;1;0.13;0;0;0;1;0;0
Daniel Ginczek\e5f63987;Daniel Ginczek;de GER;GER;MF;de Wolfsburg;Wolfsburg;31-001;31;0.0;0;0.00;0;0;0;0;0;0;0;0.00;0;0;0;0;0;0
Olivier Giroud\16ceb862;Olivier Giroud;fr FRA;FRA;FW;it Milan;Milan;35-196;35;2.9;3;1.04;1;0;0;1;1;0;0;0.00;0;0;0;0;0;0
Serge Gnabry\88e357ef;Serge Gnabry;de GER;GER;FWDF;de Bayern Munich;Bayern Munich;26-274;26;4.3;24;5.55;19;0;1;2;1;1;3;0.69;2;0;0;1;0;0
Angel Gomes\645a3363;Angel Gomes;eng ENG; ENG;MF;fr Lille;Lille;21-226;21;1.9;3;1.61;3;0;0;0;0;0;1;0.54;1;0;0;0;0;0
Joe Gomez\7a11550b;Joe Gomez;eng ENG; ENG;DF;eng Liverpool; Liverpool;24-326;24;2.7;3;1.13;3;0;0;0;0;0;0;0.00;0;0;0;0;0;0
Moi Gómez\5a626448;Moi Gómez;es ESP;ESP;MFFW;es Villarreal;Villarreal;27-295;27;2.5;9;3.62;5;0;1;2;0;1;1;0.40;1;0;0;0;0;0
Papu Gómez\6e4df551;Papu Gómez;ar ARG;ARG;FWMF;es Sevilla;Sevilla;34-058;34;3.6;10;2.81;7;1;2;0;0;0;0;0.00;0;0;0;0;0;0
Diogo Gonçalves\f4b52308;Diogo Gonçalves;pt POR;POR;FWDF;pt Benfica;Benfica;25-067;25;1.5;4;2.69;4;0;0;0;0;0;0;0.00;0;0;0;0;0;0
Pedro Gonçalves\c275947b;Pedro Gonçalves;pt POR;POR;FWMF;pt Sporting CP;Sporting CP;23-290;23;3.6;17;4.68;10;4;0;1;1;1;4;1.10;1;1;0;1;1;0
Nicolás González\2c56a792;Nicolás González;es ESP;ESP;MF;es Barcelona;Barcelona;20-101;20;2.8;8;2.90;7;0;1;0;0;0;0;0.00;0;0;0;0;0;0
Leon Goretzka\cc86b9a3;Leon Goretzka;de GER;GER;MF;de Bayern Munich;Bayern Munich;27-067;27;5.2;16;3.09;13;0;1;2;0;0;3;0.58;3;0;0;0;0;0
Robin Gosens\2d970560;Robin Gosens;de GER;GER;DF;it Atalanta;Atalanta;27-283;27;1.1;2;1.80;1;0;1;0;0;0;0;0.00;0;0;0;0;0;0
Ryan Gravenberch\b8e740fb;Ryan Gravenberch;nl NED;NED;MF;nl Ajax;Ajax;19-333;19;7.8;20;2.56;12;4;2;1;0;1;1;0.13;1;0;0;0;0;0
Ivo Grbi?\3f034750;Ivo Grbi?;hr CRO;CRO;GK;fr Lille;Lille;26-086;26;6.0;0;0.00;0;0;0;0;0;0;0;0.00;0;0;0;0;0;0
Jack Grealish\b0b4fd3e;Jack Grealish;eng ENG; ENG;FW;eng Manchester City; Manchester City;26-216;26;4.6;26;5.61;23;1;2;0;0;0;3;0.65;2;1;0;0;0;0
Mason Greenwood\58eee997;Mason Greenwood;eng ENG; ENG;FW;eng Manchester Utd; Manchester Utd;20-195;20;3.4;10;2.97;7;0;1;0;2;0;3;0.89;2;0;0;0;1;0
Antoine Griezmann\df69b544;Antoine Griezmann;fr FRA;FRA;FWMF;es Atlético Madrid;Atlético Madrid;31-024;31;5.7;14;2.44;9;0;1;3;1;0;3;0.52;2;0;0;1;0;0
Álex Grimaldo\b1f4086c;Álex Grimaldo;es ESP;ESP;DF;pt Benfica;Benfica;26-206;26;9.6;20;2.09;10;9;0;0;0;1;3;0.31;2;1;0;0;0;0
Arnaut Groeneveld\f08490a6;Arnaut Groeneveld;nl NED;NED;FW;es Villarreal;Villarreal;25-073;25;9.1;19;2.09;11;1;3;4;0;0;3;0.33;1;0;0;2;0;0
Marko Gruji?\8b8e759d;Marko Gruji?;rs SRB;SRB;MF;pt Porto;Porto;26-001;26;3.6;3;0.84;3;0;0;0;0;0;1;0.28;1;0;0;0;0;0
Gabriel Gudmundsson\d5d22a58;Gabriel Gudmundsson;se SWE;SWE;MFDF;fr Lille;Lille;22-350;22;2.7;2;0.75;1;0;0;0;1;0;0;0.00;0;0;0;0;0;0
Raphaël Guerreiro\048a1cbc;Raphaël Guerreiro;pt POR;POR;DF;de Dortmund;Dortmund;28-113;28;2.0;4;1.98;3;1;0;0;0;0;0;0.00;0;0;0;0;0;0
Josuha Guilavogui\e6c43eec;Josuha Guilavogui;fr FRA;FRA;MFDF;de Wolfsburg;Wolfsburg;31-207;31;4.7;5;1.05;5;0;0;0;0;0;1;0.21;1;0;0;0;0;0
Daouda Guindo\e382905a;Daouda Guindo;ml MLI;MLI;DF;at RB Salzburg;RB Salzburg;19-182;19;0.1;0;0.00;0;0;0;0;0;0;0;0.00;0;0;0;0;0;0
Péter Gulácsi\bcb2ccd8;Péter Gulácsi;hu HUN;HUN;GK;de RB Leipzig;RB Leipzig;31-343;31;5.0;0;0.00;0;0;0;0;0;0;0;0.00;0;0;0;0;0;0
Ýlkay Gündoðan\819b3158;Ýlkay Gündoðan;de GER;GER;MF;eng Manchester City; Manchester City;31-172;31;6.8;26;3.81;21;3;0;0;1;1;3;0.44;3;0;0;0;0;0
Mert Günok\b583aef5;Mert Günok;tr TUR;TUR;GK;tr Beþiktaþ;Beþiktaþ;33-044;33;1.0;0;0.00;0;0;0;0;0;0;0;0.00;0;0;0;0;0;0
Miguel Gutiérrez\7e98cff1;Miguel Gutiérrez;es ESP;ESP;DF;es Real Madrid;Real Madrid;20-261;20;0.7;1;1.38;1;0;0;0;0;0;0;0.00;0;0;0;0;0;0
Joško Gvardiol\5ad50391;Joško Gvardiol;hr CRO;CRO;DF;de RB Leipzig;RB Leipzig;20-081;20;3.7;5;1.34;3;0;0;0;1;1;0;0.00;0;0;0;0;0;0
Erling Haaland\1f44ac21;Erling Haaland;no NOR;NOR;FW;de Dortmund;Dortmund;21-267;21;2.3;6;2.66;3;0;1;1;1;0;0;0.00;0;0;0;0;0;0
Munir El Haddadi\8696bc90;Munir El Haddadi;ma MAR;MAR;FWMF;es Sevilla;Sevilla;26-225;26;2.3;4;1.76;1;0;0;2;1;0;0;0.00;0;0;0;0;0;0
Amadou Haidara\92432bc6;Amadou Haidara;ml MLI;MLI;MF;de RB Leipzig;RB Leipzig;24-073;24;2.0;14;6.92;13;0;0;0;1;0;1;0.49;1;0;0;0;0;0
Achraf Hakimi\e42d61c7;Achraf Hakimi;ma MAR;MAR;DF;fr Paris S-G;Paris S-G;23-161;23;8.0;13;1.63;11;0;0;0;1;1;0;0.00;0;0;0;0;0;0
Sébastien Haller\ba115a40;Sébastien Haller;ci CIV;CIV;FW;nl Ajax;Ajax;27-296;27;7.4;17;2.29;15;0;0;1;1;0;3;0.40;2;0;0;0;1;0
Samir Handanovi?\74419746;Samir Handanovi?;si SVN;SVN;GK;it Inter;Inter;37-274;37;8.0;0;0.00;0;0;0;0;0;0;0;0.00;0;0;0;0;0;0
Denys Harmash\bfc5768b;Denys Harmash;ua UKR;UKR;FW;ua Dynamo Kyiv;Dynamo Kyiv;31-360;31;3.6;3;0.83;3;0;0;0;0;0;0;0.00;0;0;0;0;0;0
Hans Hateboer\3b333ac3;Hans Hateboer;nl NED;NED;DF;it Atalanta;Atalanta;28-095;28;1.0;3;3.00;3;0;0;0;0;0;0;0.00;0;0;0;0;0;0
Kai Havertz\fed7cb61;Kai Havertz;de GER;GER;FW;eng Chelsea; Chelsea;22-307;22;7.5;25;3.34;15;0;2;3;3;2;2;0.27;1;0;0;1;0;0
Eden Hazard\a39bb753;Eden Hazard;be BEL;BEL;FW;es Real Madrid;Real Madrid;31-097;31;0.9;8;8.47;5;0;0;1;2;0;0;0.00;0;0;0;0;0;0
Thorgan Hazard\50871bcc;Thorgan Hazard;be BEL;BEL;FW;de Dortmund;Dortmund;29-016;29;1.6;5;3.19;4;1;0;0;0;0;0;0.00;0;0;0;0;0;0
Tom Heaton\a6de6361;Tom Heaton;eng ENG; ENG;GK;eng Manchester Utd; Manchester Utd;35-364;35;0.3;0;0.00;0;0;0;0;0;0;0;0.00;0;0;0;0;0;0
Silvan Hefti\f8342731;Silvan Hefti;ch SUI;SUI;DF;ch Young Boys;Young Boys;24-171;24;4.3;10;2.34;8;1;0;1;0;0;2;0.47;1;1;0;0;0;0
Dean Henderson\e5a76dfe;Dean Henderson;eng ENG; ENG;GK;eng Manchester Utd; Manchester Utd;25-033;25;0.7;0;0.00;0;0;0;0;0;0;0;0.00;0;0;0;0;0;0
Jordan Henderson\935e6b8f;Jordan Henderson;eng ENG; ENG;MF;eng Liverpool; Liverpool;31-301;31;5.6;18;3.20;18;0;0;0;0;0;2;0.36;2;0;0;0;0;0
Jack Hendry\ffed43e3;Jack Hendry;sct SCO; SCO;DF;be Club Brugge;Club Brugge;26-342;26;6.0;3;0.50;2;0;0;0;0;1;0;0.00;0;0;0;0;0;0
Benjamin Henrichs\0a89e877;Benjamin Henrichs;de GER;GER;DF;de RB Leipzig;RB Leipzig;25-050;25;0.6;0;0.00;0;0;0;0;0;0;0;0.00;0;0;0;0;0;0
Mario Hermoso\555f3a0b;Mario Hermoso;es ESP;ESP;DF;es Atlético Madrid;Atlético Madrid;26-300;26;4.7;1;0.21;1;0;0;0;0;0;0;0.00;0;0;0;0;0;0
Lucas Hernández\c3ee18ef;Lucas Hernández;fr FRA;FRA;DF;de Bayern Munich;Bayern Munich;26-059;26;6.3;5;0.79;4;0;1;0;0;0;0;0.00;0;0;0;0;0;0
Theo Hernández\d4c9725f;Theo Hernández;fr FRA;FRA;DF;it Milan;Milan;24-190;24;5.0;12;2.40;7;2;0;1;2;0;2;0.40;1;0;0;1;0;0
Ander Herrera\436a9dd0;Ander Herrera;es ESP;ESP;MF;fr Paris S-G;Paris S-G;32-243;32;3.6;8;2.21;8;0;0;0;0;0;1;0.28;1;0;0;0;0;0
Héctor Herrera\a8542814;Héctor Herrera;mx MEX;MEX;MF;es Atlético Madrid;Atlético Madrid;31-360;31;2.5;4;1.58;3;1;0;0;0;0;0;0.00;0;0;0;0;0;0
Callum Hudson-Odoi\15f3ec41;Callum Hudson-Odoi;eng ENG; ENG;FWDF;eng Chelsea; Chelsea;21-158;21;3.2;16;5.00;13;0;0;1;2;0;2;0.62;2;0;0;0;0;0
Mats Hummels\05d548d8;Mats Hummels;de GER;GER;DFFW;de Dortmund;Dortmund;33-119;33;3.9;5;1.27;4;0;0;0;1;0;0;0.00;0;0;0;0;0;0
Atiba Hutchinson\f1b55719;Atiba Hutchinson;ca CAN;CAN;MF;tr Beþiktaþ;Beþiktaþ;39-065;39;1.7;1;0.58;1;0;0;0;0;0;0;0.00;0;0;0;0;0;0
Vicente Iborra\ad1ffcfd;Vicente Iborra;es ESP;ESP;MF;es Villarreal;Villarreal;34-088;34;0.1;1;8.18;0;0;0;0;0;1;0;0.00;0;0;0;0;0;0
Zlatan Ibrahimovi?\4cde5509;Zlatan Ibrahimovi?;se SWE;SWE;FW;it Milan;Milan;40-193;40;1.8;0;0.00;0;0;0;0;0;0;0;0.00;0;0;0;0;0;0
Mauro Icardi\43b78598;Mauro Icardi;ar ARG;ARG;FW;fr Paris S-G;Paris S-G;29-054;29;0.5;1;1.84;1;0;0;0;0;0;0;0.00;0;0;0;0;0;0
Jonathan Ikone\42eaa028;Jonathan Ikone;fr FRA;FRA;MF;fr Lille;Lille;23-347;23;3.3;12;3.64;5;0;3;3;0;1;2;0.61;2;0;0;0;0;0
Josip Ili?i?\68252d6d;Josip Ili?i?;si SVN;SVN;FWMF;it Atalanta;Atalanta;34-075;34;2.8;15;5.44;12;1;1;0;1;0;3;1.09;3;0;0;0;0;0
Gonçalo Inácio\33651873;Gonçalo Inácio;pt POR;POR;DF;pt Sporting CP;Sporting CP;20-232;20;6.2;4;0.64;3;0;0;1;0;0;2;0.32;1;0;0;1;0;0
Jo Inge Berget\f512a009;Jo Inge Berget;no NOR;NOR;DF;se Malmö;Malmö;31-215;31;4.9;5;1.03;4;1;0;0;0;0;0;0.00;0;0;0;0;0;0
Bonke Innocent\546bb36e;Bonke Innocent;ng NGA;NGA;MF;se Malmö;Malmö;26-084;26;5.5;3;0.55;2;0;0;0;0;1;0;0.00;0;0;0;0;0;0
Zidane Iqbal\6fa3c28e;Zidane Iqbal;iq IRQ;IRQ;MF;eng Manchester Utd; Manchester Utd;18-352;18;0.0;0;0.00;0;0;0;0;0;0;0;0.00;0;0;0;0;0;0
Ismaily\cf182add;Ismaily;br BRA;BRA;DF;ua Shakhtar;Shakhtar;32-093;32;3.9;7;1.78;5;1;1;0;0;0;0;0.00;0;0;0;0;0;0
José Izquierdo\ca2bc3df;José Izquierdo;co COL;COL;DF;be Club Brugge;Club Brugge;29-281;29;0.1;0;0.00;0;0;0;0;0;0;0;0.00;0;0;0;0;0;0
Reece James\1265a93a;Reece James;eng ENG; ENG;DFMF;eng Chelsea; Chelsea;22-127;22;5.6;19;3.38;11;4;0;3;0;1;2;0.36;1;0;0;1;0;0
Gabriel Jesus\b66315ae;Gabriel Jesus;br BRA;BRA;FW;eng Manchester City; Manchester City;25-011;25;2.2;2;0.92;1;0;0;0;1;0;0;0.00;0;0;0;0;0;0
Curtis Jones\4fb9c88f;Curtis Jones;eng ENG; ENG;MFFW;eng Liverpool; Liverpool;21-074;21;1.9;9;4.66;4;0;2;1;2;0;3;1.55;2;0;0;1;0;0
Frenkie de Jong\1bacc518;Frenkie de Jong;nl NED;NED;MF;es Barcelona;Barcelona;24-337;24;5.8;13;2.24;12;0;0;0;1;0;0;0.00;0;0;0;0;0;0
Luuk de Jong\abb3bb95;Luuk de Jong;nl NED;NED;FW;es Barcelona;Barcelona;31-230;31;2.0;2;1.02;2;0;0;0;0;0;0;0.00;0;0;0;0;0;0
Joan Jordán\2a0c8ba4;Joan Jordán;es ESP;ESP;MF;es Sevilla;Sevilla;27-282;27;3.6;7;1.93;7;0;0;0;0;0;0;0.00;0;0;0;0;0;0
Jorginho\45db685d;Jorginho;it ITA;ITA;MF;eng Chelsea; Chelsea;30-115;30;6.2;16;2.59;16;0;0;0;0;0;3;0.48;3;0;0;0;0;0
Diogo Jota\178ae8f8;Diogo Jota;pt POR;POR;FW;eng Liverpool; Liverpool;25-131;25;5.4;16;2.95;9;0;2;2;3;0;2;0.37;1;0;0;0;1;0
Luka Jovi?\4d8cd038;Luka Jovi?;rs SRB;SRB;FW;es Real Madrid;Real Madrid;24-112;24;1.3;6;4.74;5;0;1;0;0;0;0;0.00;0;0;0;0;0;0
Keston Julien\76c98b58;Keston Julien;tt TRI;TRI;DFFW;md Sheriff Tiraspol;Sheriff Tiraspol;23-170;23;0.6;0;0.00;0;0;0;0;0;0;0;0.00;0;0;0;0;0;0
Vinicius Júnior\7111d552;Vinicius Júnior;br BRA;BRA;FW;es Real Madrid;Real Madrid;21-276;21;10.0;46;4.58;36;0;8;0;2;0;11;1.10;8;0;2;0;1;0
Felix Kalu Nmecha\091c86e2;Felix Kalu Nmecha;de GER;GER;MFFW;de Wolfsburg;Wolfsburg;21-186;21;0.4;1;2.37;1;0;0;0;0;0;0;0.00;0;0;0;0;0;0
Pierre Kalulu\85f7d1be;Pierre Kalulu;fr FRA;FRA;DF;it Milan;Milan;21-313;21;2.4;2;0.84;2;0;0;0;0;0;0;0.00;0;0;0;0;0;0
Kevin Kampl\b825a650;Kevin Kampl;si SVN;SVN;MF;de RB Leipzig;RB Leipzig;31-187;31;3.0;4;1.33;4;0;0;0;0;0;1;0.33;1;0;0;0;0;0
Wilfried Kanga\b4c816a9;Wilfried Kanga;fr FRA;FRA;FW;ch Young Boys;Young Boys;24-052;24;0.9;2;2.28;1;0;0;1;0;0;0;0.00;0;0;0;0;0;0
N'Golo Kanté\b9fbae28;N'Golo Kanté;fr FRA;FRA;MF;eng Chelsea; Chelsea;31-016;31;4.7;15;3.18;12;0;1;0;2;0;1;0.21;1;0;0;0;0;0
Kenan Karaman\8f0f2230;Kenan Karaman;tr TUR;TUR;MFFW;tr Beþiktaþ;Beþiktaþ;28-040;28;3.0;3;1.02;2;0;0;1;0;0;0;0.00;0;0;0;0;0;0
Oleksandr Karavayev\1bd5735a;Oleksandr Karavayev;ua UKR;UKR;DFMF;ua Dynamo Kyiv;Dynamo Kyiv;29-316;29;1.8;3;1.70;2;1;0;0;0;0;0;0.00;0;0;0;0;0;0
Vyacheslav Karavayev\b0b902c8;Vyacheslav Karavayev;ru RUS;RUS;DF;ru Zenit;Zenit;26-329;26;3.3;2;0.61;2;0;0;0;0;0;0;0.00;0;0;0;0;0;0
Moise Kean\3d50bcdb;Moise Kean;it ITA;ITA;FW;it Juventus;Juventus;22-045;22;1.9;7;3.66;5;0;2;0;0;0;0;0.00;0;0;0;0;0;0
Tomasz K?dziora\dc52c72f;Tomasz K?dziora;pl POL;POL;DF;ua Dynamo Kyiv;Dynamo Kyiv;27-307;27;4.0;2;0.50;2;0;0;0;0;0;0;0.00;0;0;0;0;0;0
Thilo Kehrer\51dbeea9;Thilo Kehrer;de GER;GER;DF;fr Paris S-G;Paris S-G;25-205;25;0.7;0;0.00;0;0;0;0;0;0;0;0.00;0;0;0;0;0;0
Naby Keïta\f25c8e3a;Naby Keïta;gn GUI;GUI;MF;eng Liverpool; Liverpool;27-063;27;4.2;11;2.62;9;0;1;1;0;0;1;0.24;1;0;0;0;0;0
Mikhail Kerzhakov\2fabebc0;Mikhail Kerzhakov;ru RUS;RUS;GK;ru Zenit;Zenit;35-076;35;2.0;0;0.00;0;0;0;0;0;0;0;0.00;0;0;0;0;0;0
Franck Kessié\05e19d6a;Franck Kessié;ci CIV;CIV;MFFW;it Milan;Milan;25-116;25;3.6;6;1.68;6;0;0;0;0;0;2;0.56;2;0;0;0;0;0
Joshua Kimmich\49296448;Joshua Kimmich;de GER;GER;MF;de Bayern Munich;Bayern Munich;27-065;27;7.8;42;5.39;32;9;0;0;0;1;5;0.64;5;0;0;0;0;0
Presnel Kimpembe\aef6e670;Presnel Kimpembe;fr FRA;FRA;DF;fr Paris S-G;Paris S-G;26-244;26;7.0;1;0.14;1;0;0;0;0;0;0;0.00;0;0;0;0;0;0
Simon Kjær\8b8a56ce;Simon Kjær;dk DEN;DEN;DF;it Milan;Milan;33-019;33;3.0;0;0.00;0;0;0;0;0;0;0;0.00;0;0;0;0;0;0
Maurits Kjærgaard\2b0852db;Maurits Kjærgaard;dk DEN;DEN;FWMF;at RB Salzburg;RB Salzburg;18-292;18;0.5;0;0.00;0;0;0;0;0;0;0;0.00;0;0;0;0;0;0
Davy Klaassen\15fd5593;Davy Klaassen;nl NED;NED;MF;nl Ajax;Ajax;29-052;29;2.6;8;3.05;7;0;0;0;0;1;1;0.38;1;0;0;0;0;0
Lukas Klostermann\ca8033cb;Lukas Klostermann;de GER;GER;DF;de RB Leipzig;RB Leipzig;25-316;25;3.9;3;0.76;2;1;0;0;0;0;0;0.00;0;0;0;0;0;0
Ansgar Knauff\19a967ab;Ansgar Knauff;de GER;GER;FWMF;de Dortmund;Dortmund;20-094;20;0.3;0;0.00;0;0;0;0;0;0;0;0.00;0;0;0;0;0;0
Gregor Kobel\cd59b9df;Gregor Kobel;ch SUI;SUI;GK;de Dortmund;Dortmund;24-129;24;6.0;2;0.33;2;0;0;0;0;0;0;0.00;0;0;0;0;0;0
Philipp Köhn\ff74841d;Philipp Köhn;ch SUI;SUI;GK;at RB Salzburg;RB Salzburg;24-012;24;8.0;0;0.00;0;0;0;0;0;0;0;0.00;0;0;0;0;0;0
Koke\55126f3b;Koke;es ESP;ESP;MF;es Atlético Madrid;Atlético Madrid;30-096;30;7.3;8;1.09;5;0;0;1;0;2;1;0.14;0;0;0;1;0;0
Aleksandar Kolarov\eda40760;Aleksandar Kolarov;rs SRB;SRB;DF;it Inter;Inter;36-155;36;0.1;1;15.00;1;0;0;0;0;0;0;0.00;0;0;0;0;0;0
Dimitris Kolovos\bc8df459;Dimitris Kolovos;gr GRE;GRE;MF;md Sheriff Tiraspol;Sheriff Tiraspol;28-352;28;4.5;7;1.57;6;0;0;0;0;1;1;0.22;1;0;0;0;0;0
Ibrahima Konaté\5ed9b537;Ibrahima Konaté;fr FRA;FRA;DF;eng Liverpool; Liverpool;22-324;22;5.0;3;0.60;2;0;0;1;0;0;0;0.00;0;0;0;0;0;0
Geoffrey Kondogbia\cce181df;Geoffrey Kondogbia;cf CTA;CTA;MFDF;es Atlético Madrid;Atlético Madrid;29-058;29;6.4;4;0.62;4;0;0;0;0;0;0;0.00;0;0;0;0;0;0
Teun Koopmeiners\a26fb8aa;Teun Koopmeiners;nl NED;NED;MF;it Atalanta;Atalanta;24-045;24;2.4;6;2.55;3;2;0;1;0;0;2;0.85;0;1;0;1;0;0
Viktor Korniienko\f38cc3b3;Viktor Korniienko;ua UKR;UKR;DF;ua Shakhtar;Shakhtar;23-059;23;0.9;1;1.08;1;0;0;0;0;0;0;0.00;0;0;0;0;0;0
Nianzou Kouassi\5853ac44;Nianzou Kouassi;fr FRA;FRA;DF;de Bayern Munich;Bayern Munich;19-311;19;2.4;1;0.42;1;0;0;0;0;0;0;0.00;0;0;0;0;0;0
Jules Koundé\4d1666ff;Jules Koundé;fr FRA;FRA;DF;es Sevilla;Sevilla;23-153;23;5.0;4;0.80;4;0;0;0;0;0;0;0.00;0;0;0;0;0;0
Mateo Kova?i?\79c0821a;Mateo Kova?i?;hr CRO;CRO;MF;eng Chelsea; Chelsea;27-343;27;4.7;13;2.75;12;0;0;0;0;1;1;0.21;1;0;0;0;0;0
Kirill Kravtsov\a2c51161;Kirill Kravtsov;ru RUS;RUS;MFDF;ru Zenit;Zenit;19-304;19;0.2;0;0.00;0;0;0;0;0;0;0;0.00;0;0;0;0;0;0
Stanislav Kritsyuk\b8798a46;Stanislav Kritsyuk;ru RUS;RUS;GK;ru Zenit;Zenit;31-134;31;4.0;0;0.00;0;0;0;0;0;0;0;0.00;0;0;0;0;0;0
Toni Kroos\6ce1f46f;Toni Kroos;de GER;GER;MF;es Real Madrid;Real Madrid;32-100;32;7.2;24;3.32;17;5;0;0;1;1;1;0.14;1;0;0;0;0;0
Danil Krugovoy\a802405e;Danil Krugovoy;ru RUS;RUS;DFFW;ru Zenit;Zenit;23-321;23;0.8;6;7.40;3;1;0;0;1;1;0;0.00;0;0;0;0;0;0
Rade Kruni?\817c6964;Rade Kruni?;ba BIH;BIH;FWMF;it Milan;Milan;28-189;28;2.8;5;1.80;2;0;0;0;2;1;0;0.00;0;0;0;0;0;0
Serhiy Kryvtsov\292a652a;Serhiy Kryvtsov;ua UKR;UKR;DF;ua Shakhtar;Shakhtar;31-030;31;2.1;2;0.93;2;0;0;0;0;0;1;0.47;1;0;0;0;0;0
Dejan Kulusevski\df3cda47;Dejan Kulusevski;se SWE;SWE;FW;it Juventus;Juventus;21-354;21;0.9;3;3.18;3;0;0;0;0;0;0;0.00;0;0;0;0;0;0
Daniil Kuznetsov\18a88e3e;Daniil Kuznetsov;ru RUS;RUS;MF;ru Zenit;Zenit;18-356;18;0.0;0;0.00;0;0;0;0;0;0;0;0.00;0;0;0;0;0;0
Daler Kuzyaev\d4e93bab;Daler Kuzyaev;ru RUS;RUS;MF;ru Zenit;Zenit;29-089;29;2.8;6;2.12;5;0;0;0;1;0;0;0.00;0;0;0;0;0;0
Maxence Lacroix\277c49ed;Maxence Lacroix;fr FRA;FRA;DF;de Wolfsburg;Wolfsburg;22-008;22;6.0;3;0.50;2;1;0;0;0;0;0;0.00;0;0;0;0;0;0
Konrad Laimer\c1b7847c;Konrad Laimer;at AUT;AUT;MF;de RB Leipzig;RB Leipzig;24-322;24;4.5;11;2.47;10;0;0;1;0;0;3;0.67;3;0;0;0;0;0
Érik Lamela\abe66106;Érik Lamela;ar ARG;ARG;FWMF;es Sevilla;Sevilla;30-041;30;1.4;7;5.12;3;1;1;0;2;0;1;0.73;0;0;0;0;1;0
Noa Lang\8e034340;Noa Lang;nl NED;NED;MFFW;be Club Brugge;Club Brugge;22-301;22;5.9;20;3.42;16;0;1;1;1;1;2;0.34;2;0;0;0;0;0
Aymeric Laporte\119b9a8e;Aymeric Laporte;es ESP;ESP;DF;eng Manchester City; Manchester City;27-322;27;6.5;3;0.46;3;0;0;0;0;0;0;0.00;0;0;0;0;0;0
Cyle Larin\e7af9060;Cyle Larin;ca CAN;CAN;FWMF;tr Beþiktaþ;Beþiktaþ;26-362;26;3.9;6;1.54;4;0;1;1;0;0;0;0.00;0;0;0;0;0;0
Eric Larsson\8474cb83;Eric Larsson;se SWE;SWE;DF;se Malmö;Malmö;30-273;30;3.1;5;1.64;3;1;1;0;0;0;0;0.00;0;0;0;0;0;0
Sandro Lauper\6a829019;Sandro Lauper;ch SUI;SUI;DF;ch Young Boys;Young Boys;25-171;25;5.1;7;1.36;7;0;0;0;0;0;1;0.19;1;0;0;0;0;0
Valentino Lazaro\016ff750;Valentino Lazaro;at AUT;AUT;DF;pt Benfica;Benfica;26-021;26;1.3;0;0.00;0;0;0;0;0;0;0;0.00;0;0;0;0;0;0
Rafael Leão\20730eae;Rafael Leão;pt POR;POR;FW;it Milan;Milan;22-308;22;3.2;5;1.55;3;0;1;0;1;0;1;0.31;1;0;0;0;0;0
Jordan Lefort\c3e4ecbb;Jordan Lefort;fr FRA;FRA;DF;ch Young Boys;Young Boys;28-248;28;1.9;6;3.23;6;0;0;0;0;0;0;0.00;0;0;0;0;0;0
Thomas Lemar\4dbd0916;Thomas Lemar;fr FRA;FRA;MFFW;es Atlético Madrid;Atlético Madrid;26-153;26;4.2;13;3.12;8;3;1;1;0;0;1;0.24;1;0;0;0;0;0
Clément Lenglet\4f28a6ff;Clément Lenglet;fr FRA;FRA;DF;es Barcelona;Barcelona;26-301;26;3.8;1;0.26;1;0;0;0;0;0;0;0.00;0;0;0;0;0;0
Robert Lewandowski\8d78e732;Robert Lewandowski;pl POL;POL;FW;de Bayern Munich;Bayern Munich;33-236;33;9.7;29;2.99;18;0;2;1;7;1;10;1.03;4;0;2;1;3;0
Oscar Lewicki\0c09c984;Oscar Lewicki;se SWE;SWE;MF;se Malmö;Malmö;29-274;29;1.4;1;0.73;1;0;0;0;0;0;0;0.00;0;0;0;0;0;0
Bohdan Liedniev\b1dae700;Bohdan Liedniev;ua UKR;UKR;MF;ua Dynamo Kyiv;Dynamo Kyiv;24-007;24;0.1;1;9.00;1;0;0;0;0;0;0;0.00;0;0;0;0;0;0
Matthijs de Ligt\d6e53a3a;Matthijs de Ligt;nl NED;NED;DF;it Juventus;Juventus;22-245;22;6.9;4;0.58;2;0;0;2;0;0;1;0.14;0;0;0;1;0;0
Isaac Lihadji\57a46f3f;Isaac Lihadji;fr FRA;FRA;MF;fr Lille;Lille;20-004;20;0.3;2;7.20;2;0;0;0;0;0;0;0.00;0;0;0;0;0;0
Victor Lindelöf\f5deef4c;Victor Lindelöf;se SWE;SWE;DF;eng Manchester Utd; Manchester Utd;27-271;27;4.7;2;0.42;2;0;0;0;0;0;0;0.00;0;0;0;0;0;0
Jesse Lingard\810e3c74;Jesse Lingard;eng ENG; ENG;MFFW;eng Manchester Utd; Manchester Utd;29-120;29;1.3;3;2.29;3;0;0;0;0;0;1;0.76;1;0;0;0;0;0
Marcos Llorente\02c15616;Marcos Llorente;es ESP;ESP;DFMF;es Atlético Madrid;Atlético Madrid;27-074;27;7.8;17;2.19;17;0;0;0;0;0;0;0.00;0;0;0;0;0;0
Giovani Lo Celso\d7553721;Giovani Lo Celso;ar ARG;ARG;MFFW;es Villarreal;Villarreal;26-005;26;3.8;11;2.89;8;0;1;0;2;0;1;0.26;1;0;0;0;0;0
Manuel Locatelli\a8a874f1;Manuel Locatelli;it ITA;ITA;MF;it Juventus;Juventus;24-096;24;5.9;7;1.18;7;0;0;0;0;0;0;0.00;0;0;0;0;0;0
Renan Lodi\ed9f7cfe;Renan Lodi;br BRA;BRA;DF;es Atlético Madrid;Atlético Madrid;24-006;24;5.3;11;2.06;11;0;0;0;0;0;2;0.37;2;0;0;0;0;0
Ruben Loftus-Cheek\e97fd090;Ruben Loftus-Cheek;eng ENG; ENG;MFDF;eng Chelsea; Chelsea;26-081;26;4.0;22;5.45;19;0;3;0;0;0;3;0.74;2;0;1;0;0;0
Matteo Lovato\5fa57166;Matteo Lovato;it ITA;ITA;DF;it Atalanta;Atalanta;22-059;22;0.5;0;0.00;0;0;0;0;0;0;0;0.00;0;0;0;0;0;0
Dejan Lovren\1a2935f6;Dejan Lovren;hr CRO;CRO;DF;ru Zenit;Zenit;32-283;32;3.5;1;0.29;1;0;0;0;0;0;0;0.00;0;0;0;0;0;0
José Luis Palomino\921f6058;José Luis Palomino;ar ARG;ARG;DF;it Atalanta;Atalanta;32-099;32;5.0;4;0.80;4;0;0;0;0;0;1;0.20;1;0;0;0;0;0
Romelu Lukaku\5eae500a;Romelu Lukaku;be BEL;BEL;FW;eng Chelsea; Chelsea;28-336;28;3.6;9;2.53;7;0;0;0;2;0;1;0.28;0;0;0;0;1;0
Dodi Lukebakio\0c61c77c;Dodi Lukebakio;be BEL;BEL;FWMF;de Wolfsburg;Wolfsburg;24-202;24;3.3;3;0.90;2;0;0;0;1;0;0;0.00;0;0;0;0;0;0
Fabian Lustenberger\a63a995f;Fabian Lustenberger;ch SUI;SUI;DF;ch Young Boys;Young Boys;33-347;33;1.0;0;0.00;0;0;0;0;0;0;0;0.00;0;0;0;0;0;0
Quentin Maceiras\6c330f30;Quentin Maceiras;ch SUI;SUI;DF;ch Young Boys;Young Boys;26-186;26;1.3;1;0.78;1;0;0;0;0;0;0;0.00;0;0;0;0;0;0
Harry Maguire\d8931174;Harry Maguire;eng ENG; ENG;DF;eng Manchester Utd; Manchester Utd;29-040;29;5.9;4;0.68;4;0;0;0;0;0;0;0.00;0;0;0;0;0;0
Riyad Mahrez\892d5bb1;Riyad Mahrez;dz ALG;ALG;FW;eng Manchester City; Manchester City;31-052;31;9.0;40;4.45;22;4;3;2;9;0;7;0.78;6;0;0;0;1;0
Nico Maier\7ea03b7d;Nico Maier;ch SUI;SUI;FW;ch Young Boys;Young Boys;21-286;21;0.0;0;0.00;0;0;0;0;0;0;0;0.00;0;0;0;0;0;0
Mike Maignan\fcb38f57;Mike Maignan;fr FRA;FRA;GK;it Milan;Milan;26-285;26;3.0;0;0.00;0;0;0;0;0;0;0;0.00;0;0;0;0;0;0
Malcom\6853490f;Malcom;br BRA;BRA;FWMF;ru Zenit;Zenit;25-047;25;4.8;22;4.58;19;1;0;0;1;1;2;0.42;2;0;0;0;0;0
Daniel Maldini\801831fe;Daniel Maldini;it ITA;ITA;FW;it Milan;Milan;20-185;20;0.3;0;0.00;0;0;0;0;0;0;0;0.00;0;0;0;0;0;0
Donyell Malen\864163f3;Donyell Malen;nl NED;NED;FW;de Dortmund;Dortmund;23-085;23;4.3;11;2.54;7;0;2;1;1;0;0;0.00;0;0;0;0;0;0
Ruslan Malinovskyi\48d5bd33;Ruslan Malinovskyi;ua UKR;UKR;FWMF;it Atalanta;Atalanta;28-345;28;3.3;11;3.29;6;3;0;1;1;0;0;0.00;0;0;0;0;0;0
Felix Mambimbi\1b81794d;Felix Mambimbi;ch SUI;SUI;FWMF;ch Young Boys;Young Boys;21-086;21;0.7;1;1.43;0;0;1;0;0;0;0;0.00;0;0;0;0;0;0
Reinildo Mandava\c20bdcd7;Reinildo Mandava;mz MOZ;MOZ;DF;fr Lille;Lille;28-083;28;5.1;7;1.38;7;0;0;0;0;0;0;0.00;0;0;0;0;0;0
Reinildo Mandava\c20bdcd7;Reinildo Mandava;mz MOZ;MOZ;DF;es Atlético Madrid;Atlético Madrid;28-083;28;4.0;2;0.50;2;0;0;0;0;0;0;0.00;0;0;0;0;0;0
Aïssa Mandi\fbd6378b;Aïssa Mandi;dz ALG;ALG;DF;es Villarreal;Villarreal;30-174;30;0.3;0;0.00;0;0;0;0;0;0;0;0.00;0;0;0;0;0;0
Sadio Mané\c691bfe2;Sadio Mané;sn SEN;SEN;FW;eng Liverpool; Liverpool;30-004;30;6.3;18;2.86;15;0;0;1;2;0;1;0.16;0;0;0;1;0;0
Faitout Maouassa\e54a9890;Faitout Maouassa;fr FRA;FRA;MF;be Club Brugge;Club Brugge;23-282;23;0.0;0;0.00;0;0;0;0;0;0;0;0.00;0;0;0;0;0;0
Iván Marcano\7a20d90a;Iván Marcano;es ESP;ESP;DF;pt Porto;Porto;34-295;34;1.4;0;0.00;0;0;0;0;0;0;0;0.00;0;0;0;0;0;0
Marcelo\603116a7;Marcelo;br BRA;BRA;DF;es Real Madrid;Real Madrid;33-337;33;1.1;3;2.81;3;0;0;0;0;0;1;0.94;1;0;0;0;0;0
José María Giménez\f0da930c;José María Giménez;uy URU;URU;DF;es Atlético Madrid;Atlético Madrid;27-084;27;6.5;0;0.00;0;0;0;0;0;0;0;0.00;0;0;0;0;0;0
Mariano\5c4dc0ff;Mariano;do DOM;DOM;FW;es Real Madrid;Real Madrid;28-256;28;0.1;0;0.00;0;0;0;0;0;0;0;0.00;0;0;0;0;0;0
João Mário Lopes\82a39b66;João Mário Lopes;pt POR;POR;DF;pt Porto;Porto;22-101;22;3.9;9;2.31;5;1;1;0;2;0;0;0.00;0;0;0;0;0;0
João Mário\f0021247;João Mário;pt POR;POR;MF;pt Benfica;Benfica;29-085;29;5.4;19;3.50;11;4;1;1;1;1;7;1.29;5;0;1;1;0;0
Marlon\cdf65d12;Marlon;br BRA;BRA;DF;ua Shakhtar;Shakhtar;26-219;26;5.0;2;0.40;2;0;0;0;0;0;0;0.00;0;0;0;0;0;0
Marlos\9139bb12;Marlos;ua UKR;UKR;FWMF;ua Shakhtar;Shakhtar;33-311;33;2.3;10;4.31;7;0;2;0;1;0;0;0.00;0;0;0;0;0;0
Marquinhos\d5f2f82b;Marquinhos;br BRA;BRA;DF;fr Paris S-G;Paris S-G;27-335;27;8.0;3;0.37;3;0;0;0;0;0;2;0.25;2;0;0;0;0;0
Anthony Martial\8b788c01;Anthony Martial;fr FRA;FRA;FW;eng Manchester Utd; Manchester Utd;26-130;26;0.7;1;1.34;0;0;1;0;0;0;0;0.00;0;0;0;0;0;0
Josep Martinez\11d8aff0;Josep Martinez;es ESP;ESP;GK;de RB Leipzig;RB Leipzig;23-322;23;1.0;0;0.00;0;0;0;0;0;0;0;0.00;0;0;0;0;0;0
Lautaro Martínez\f7036e1c;Lautaro Martínez;ar ARG;ARG;FW;it Inter;Inter;24-235;24;6.4;21;3.26;14;0;0;4;1;2;0;0.00;0;0;0;0;0;0
Lisandro Martínez\bac46a10;Lisandro Martínez;ar ARG;ARG;DF;nl Ajax;Ajax;24-086;24;8.0;11;1.37;10;0;0;1;0;0;2;0.25;1;0;0;1;0;0
Toni Martínez\f3945e07;Toni Martínez;es ESP;ESP;FW;pt Porto;Porto;24-288;24;1.6;0;0.00;0;0;0;0;0;0;0;0.00;0;0;0;0;0;0
Christopher Martins\0e96a5e1;Christopher Martins;lu LUX;LUX;MF;ch Young Boys;Young Boys;25-054;25;4.6;6;1.29;6;0;0;0;0;0;0;0.00;0;0;0;0;0;0
Clinton Mata\55abe554;Clinton Mata;ao ANG;ANG;DF;be Club Brugge;Club Brugge;29-158;29;5.9;5;0.85;4;0;0;1;0;0;0;0.00;0;0;0;0;0;0
Juan Mata\29733c72;Juan Mata;es ESP;ESP;MF;eng Manchester Utd; Manchester Utd;33-351;33;1.1;0;0.00;0;0;0;0;0;0;0;0.00;0;0;0;0;0;0
Nemanja Mati?\eb7822d7;Nemanja Mati?;rs SRB;SRB;MFDF;eng Manchester Utd; Manchester Utd;33-256;33;2.2;1;0.45;1;0;0;0;0;0;0;0.00;0;0;0;0;0;0
Joël Matip\b217ef29;Joël Matip;cm CMR;CMR;DF;eng Liverpool; Liverpool;30-249;30;7.0;4;0.57;4;0;0;0;0;0;0;0.00;0;0;0;0;0;0
Mykola Matviyenko\1adcf39e;Mykola Matviyenko;ua UKR;UKR;DF;ua Shakhtar;Shakhtar;25-347;25;4.0;5;1.25;5;0;0;0;0;0;1;0.25;1;0;0;0;0;0
Eric Maxim Choupo-Moting\0e6bc38c;Eric Maxim Choupo-Moting;cm CMR;CMR;FW;de Bayern Munich;Bayern Munich;33-022;33;0.6;1;1.73;1;0;0;0;0;0;0;0.00;0;0;0;0;0;0
Maycon\005ca692;Maycon;br BRA;BRA;MF;ua Shakhtar;Shakhtar;24-273;24;5.3;13;2.47;5;7;0;0;0;1;0;0.00;0;0;0;0;0;0
Noussair Mazraoui\b74277a0;Noussair Mazraoui;ma MAR;MAR;DF;nl Ajax;Ajax;24-151;24;7.3;17;2.33;14;0;0;0;2;1;2;0.27;2;0;0;0;0;0
Kevin Mbabu\493924a7;Kevin Mbabu;ch SUI;SUI;DF;de Wolfsburg;Wolfsburg;26-360;26;3.6;4;1.10;2;1;0;0;1;0;1;0.27;0;1;0;0;0;0
Noah Mbamba\e75129bd;Noah Mbamba;be BEL;BEL;MF;be Club Brugge;Club Brugge;17-099;17;0.6;0;0.00;0;0;0;0;0;0;0;0.00;0;0;0;0;0;0
Kylian Mbappé\42fd9c7f;Kylian Mbappé;fr FRA;FRA;FW;fr Paris S-G;Paris S-G;23-115;23;7.5;30;4.02;19;0;5;3;3;0;10;1.34;6;0;3;0;1;0
Chancel Mbemba\e76cb9cc;Chancel Mbemba;cd COD;COD;DF;pt Porto;Porto;27-249;27;5.0;4;0.80;4;0;0;0;0;0;0;0.00;0;0;0;0;0;0
Luke Mbete-Tatu\387e1d35;Luke Mbete-Tatu;eng ENG; ENG;DF;eng Manchester City; Manchester City;21-208;21;0.1;0;0.00;0;0;0;0;0;0;0;0.00;0;0;0;0;0;0
James Mcatee\96593e89;James Mcatee;eng ENG; ENG;MF;eng Manchester City; Manchester City;19-178;19;0.5;3;6.00;2;0;1;0;0;0;0;0.00;0;0;0;0;0;0
Weston McKennie\01c3aff5;Weston McKennie;us USA;USA;MF;it Juventus;Juventus;23-229;23;4.3;8;1.85;6;1;0;1;0;0;0;0.00;0;0;0;0;0;0
Scott McTominay\d93c2511;Scott McTominay;sct SCO; SCO;MF;eng Manchester Utd; Manchester Utd;25-127;25;4.4;5;1.13;5;0;0;0;0;0;0;0.00;0;0;0;0;0;0
Brandon Mechele\0a6dbbf7;Brandon Mechele;be BEL;BEL;DF;be Club Brugge;Club Brugge;29-076;29;1.5;0;0.00;0;0;0;0;0;0;0;0.00;0;0;0;0;0;0
Soualiho Meïté\5cec2c74;Soualiho Meïté;fr FRA;FRA;MF;pt Benfica;Benfica;28-028;28;1.7;0;0.00;0;0;0;0;0;0;0;0.00;0;0;0;0;0;0
Arthur Melo\48b3dd60;Arthur Melo;br BRA;BRA;MF;it Juventus;Juventus;25-245;25;3.0;4;1.34;4;0;0;0;0;0;0;0.00;0;0;0;0;0;0
Nuno Mendes\f20e4cc9;Nuno Mendes;pt POR;POR;DF;fr Paris S-G;Paris S-G;19-299;19;6.4;9;1.40;8;0;1;0;0;0;1;0.16;1;0;0;0;0;0
Edouard Mendy\33887998;Edouard Mendy;sn SEN;SEN;GK;eng Chelsea; Chelsea;30-044;30;9.3;0;0.00;0;0;0;0;0;0;0;0.00;0;0;0;0;0;0
Ferland Mendy\3cefcaef;Ferland Mendy;fr FRA;FRA;DF;es Real Madrid;Real Madrid;26-310;26;6.3;6;0.96;6;0;0;0;0;0;1;0.16;1;0;0;0;0;0
Teden Mengi\91748070;Teden Mengi;eng ENG; ENG;DF;eng Manchester Utd; Manchester Utd;19-349;19;0.3;0;0.00;0;0;0;0;0;0;0;0.00;0;0;0;0;0;0
Umut Meraþ\c8112d1e;Umut Meraþ;tr TUR;TUR;DF;tr Beþiktaþ;Beþiktaþ;26-115;26;2.8;1;0.36;0;0;0;0;1;0;0;0.00;0;0;0;0;0;0
Elia Meschak\5d51b074;Elia Meschak;cd COD;COD;FW;ch Young Boys;Young Boys;25-251;25;5.4;16;2.96;14;1;0;0;1;0;1;0.19;1;0;0;0;0;0
Lionel Messi\d70ce98e;Lionel Messi;ar ARG;ARG;FW;fr Paris S-G;Paris S-G;34-294;34;7.0;29;4.14;23;2;1;1;1;1;4;0.57;2;0;0;1;1;0
Junior Messias\f49c4ae9;Junior Messias;br BRA;BRA;FWMF;it Milan;Milan;30-336;30;1.3;5;3.88;3;1;0;0;1;0;0;0.00;0;0;0;0;0;0
Thomas Meunier\e162b013;Thomas Meunier;be BEL;BEL;DF;de Dortmund;Dortmund;30-214;30;5.4;7;1.30;3;2;1;0;0;1;1;0.19;1;0;0;0;0;0
Simon Mignolet\d436eb94;Simon Mignolet;be BEL;BEL;GK;be Club Brugge;Club Brugge;34-039;34;6.0;0;0.00;0;0;0;0;0;0;0;0.00;0;0;0;0;0;0
Éder Militão\2784f898;Éder Militão;br BRA;BRA;DF;es Real Madrid;Real Madrid;24-086;24;8.7;1;0.12;1;0;0;0;0;0;0;0.00;0;0;0;0;0;0
James Milner\2f90f6b8;James Milner;eng ENG; ENG;MFDF;eng Liverpool; Liverpool;36-100;36;2.3;5;2.18;3;2;0;0;0;0;1;0.44;1;0;0;0;0;0
Takumi Minamino\f833a830;Takumi Minamino;jp JPN;JPN;FWMF;eng Liverpool; Liverpool;27-088;27;2.4;4;1.66;4;0;0;0;0;0;0;0.00;0;0;0;0;0;0
Óscar Mingueza\056269d7;Óscar Mingueza;es ESP;ESP;DF;es Barcelona;Barcelona;22-336;22;2.5;4;1.62;4;0;0;0;0;0;0;0.00;0;0;0;0;0;0
Rafa Mir\bbf5c11b;Rafa Mir;es ESP;ESP;FW;es Sevilla;Sevilla;24-300;24;3.0;4;1.32;2;0;0;1;0;1;1;0.33;0;0;0;1;0;0
Aleksei Miranchuk\a9aa0d1d;Aleksei Miranchuk;ru RUS;RUS;FWMF;it Atalanta;Atalanta;26-179;26;0.4;2;5.14;1;0;0;1;0;0;1;2.57;1;0;0;0;0;0
Fabio Miretti\34693494;Fabio Miretti;it ITA;ITA;MF;it Juventus;Juventus;18-254;18;0.0;0;0.00;0;0;0;0;0;0;0;0.00;0;0;0;0;0;0
Luka Modri?\6025fab1;Luka Modri?;hr CRO;CRO;MF;es Real Madrid;Real Madrid;36-217;36;9.2;24;2.60;22;2;0;0;0;0;5;0.54;5;0;0;0;0;0
Kudus Mohammed\b62878a5;Kudus Mohammed;gh GHA;GHA;MF;nl Ajax;Ajax;21-255;21;0.3;0;0.00;0;0;0;0;0;0;0;0.00;0;0;0;0;0;0
Niklas Moisander\00844823;Niklas Moisander;fi FIN;FIN;DF;se Malmö;Malmö;36-197;36;2.1;1;0.48;1;0;0;0;0;0;0;0.00;0;0;0;0;0;0
Francisco Montero\3e96f3e7;Francisco Montero;es ESP;ESP;DF;tr Beþiktaþ;Beþiktaþ;23-090;23;3.4;0;0.00;0;0;0;0;0;0;0;0.00;0;0;0;0;0;0
Gonzalo Montiel\374d5158;Gonzalo Montiel;ar ARG;ARG;DF;es Sevilla;Sevilla;25-103;25;2.1;1;0.48;1;0;0;0;0;0;0;0.00;0;0;0;0;0;0
Wesley Moraes\bfae110f;Wesley Moraes;br BRA;BRA;FW;be Club Brugge;Club Brugge;25-139;25;0.3;0;0.00;0;0;0;0;0;0;0;0.00;0;0;0;0;0;0
Álvaro Morata\129af0db;Álvaro Morata;es ESP;ESP;FW;it Juventus;Juventus;29-173;29;5.7;17;2.96;15;0;1;0;1;0;1;0.17;0;0;0;0;1;0
Morato\0f41e2ee;Morato;br BRA;BRA;DF;pt Benfica;Benfica;20-288;20;2.0;1;0.50;1;0;0;0;0;0;0;0.00;0;0;0;0;0;0
Alberto Moreno\11b9265b;Alberto Moreno;es ESP;ESP;MFDF;es Villarreal;Villarreal;29-283;29;3.5;12;3.47;11;1;0;0;0;0;1;0.29;1;0;0;0;0;0
Gerard Moreno\81f0781e;Gerard Moreno;es ESP;ESP;FW;es Villarreal;Villarreal;30-007;30;5.1;15;2.96;11;0;2;1;1;0;7;1.38;6;0;1;0;0;0
Ilaix Moriba\f4c69aa6;Ilaix Moriba;gn GUI;GUI;MFFW;de RB Leipzig;RB Leipzig;19-085;19;0.7;5;7.14;4;0;0;1;0;0;0;0.00;0;0;0;0;0;0
Tyler Morton\2bc28bb9;Tyler Morton;eng ENG; ENG;MF;eng Liverpool; Liverpool;19-165;19;2.0;2;1.00;2;0;0;0;0;0;0;0.00;0;0;0;0;0;0
Andrei Mostovoy\dfb50e5c;Andrei Mostovoy;ru RUS;RUS;FWMF;ru Zenit;Zenit;24-160;24;1.7;2;1.18;1;0;0;0;0;1;0;0.00;0;0;0;0;0;0
Youssoufa Moukoko\6ce43701;Youssoufa Moukoko;de GER;GER;FW;de Dortmund;Dortmund;17-145;17;0.2;2;8.57;2;0;0;0;0;0;0;0.00;0;0;0;0;0;0
Mason Mount\9674002f;Mason Mount;eng ENG; ENG;MFFW;eng Chelsea; Chelsea;23-094;23;6.0;25;4.17;20;3;1;0;0;1;2;0.33;1;1;0;0;0;0
Mykhailo Mudryk\049a888d;Mykhailo Mudryk;ua UKR;UKR;FW;ua Shakhtar;Shakhtar;21-099;21;2.0;6;2.97;5;0;0;1;0;0;0;0.00;0;0;0;0;0;0
Nordi Mukiele\ac73ec79;Nordi Mukiele;fr FRA;FRA;DF;de RB Leipzig;RB Leipzig;24-164;24;5.4;9;1.68;8;0;0;0;0;1;2;0.37;2;0;0;0;0;0
Thomas Müller\3c6089ab;Thomas Müller;de GER;GER;MFFW;de Bayern Munich;Bayern Munich;32-213;32;8.6;31;3.60;28;3;0;0;0;0;7;0.81;7;0;0;0;0;0
Luis Muriel\eb2fe5b6;Luis Muriel;co COL;COL;FWMF;it Atalanta;Atalanta;30-363;30;1.5;7;4.77;5;0;1;1;0;0;1;0.68;1;0;0;0;0;0
Jamal Musiala\2c0558b8;Jamal Musiala;de GER;GER;MFFW;de Bayern Munich;Bayern Munich;19-047;19;5.0;9;1.80;6;0;1;2;0;0;1;0.20;0;0;0;1;0;0
Juan Musso\a111cf41;Juan Musso;ar ARG;ARG;GK;it Atalanta;Atalanta;27-343;27;6.0;0;0.00;0;0;0;0;0;0;0;0.00;0;0;0;0;0;0
Vitaliy Mykolenko\30d4a2e5;Vitaliy Mykolenko;ua UKR;UKR;DF;ua Dynamo Kyiv;Dynamo Kyiv;22-320;22;5.0;2;0.40;2;0;0;0;0;0;1;0.20;1;0;0;0;0;0
Joakim Mæhle\c459a650;Joakim Mæhle;dk DEN;DEN;DF;it Atalanta;Atalanta;24-329;24;4.8;8;1.66;8;0;0;0;0;0;2;0.41;2;0;0;0;0;0
Georges-Kévin N'Koudou\76c131da;Georges-Kévin N'Koudou;fr FRA;FRA;FW;tr Beþiktaþ;Beþiktaþ;27-060;27;1.0;3;3.00;1;0;1;1;0;0;0;0.00;0;0;0;0;0;0
Fabrice N'Sakala\de85e3cc;Fabrice N'Sakala;cd COD;COD;DF;tr Beþiktaþ;Beþiktaþ;31-267;31;3.0;4;1.33;4;0;0;0;0;0;0;0.00;0;0;0;0;0;0
Stanley N'Soki\61590953;Stanley N'Soki;fr FRA;FRA;DF;be Club Brugge;Club Brugge;23-005;23;5.4;3;0.56;3;0;0;0;0;0;0;0.00;0;0;0;0;0;0
Nacho\2946f9a1;Nacho;es ESP;ESP;DF;es Real Madrid;Real Madrid;32-086;32;4.6;6;1.32;6;0;0;0;0;0;0;0.00;0;0;0;0;0;0
Adi Nalic\ad597bf7;Adi Nalic;ba BIH;BIH;MFFW;se Malmö;Malmö;24-134;24;1.0;2;2.05;2;0;0;0;0;0;0;0.00;0;0;0;0;0;0
Sebastian Nanasi\ce747d2a;Sebastian Nanasi;se SWE;SWE;FWMF;se Malmö;Malmö;19-333;19;1.0;4;4.04;3;0;1;0;0;0;0;0.00;0;0;0;0;0;0
Jesús Navas\3f10bd22;Jesús Navas;es ESP;ESP;DF;es Sevilla;Sevilla;36-144;36;3.7;9;2.45;9;0;0;0;0;0;0;0.00;0;0;0;0;0;0
Keylor Navas\ecada4fc;Keylor Navas;cr CRC;CRC;GK;fr Paris S-G;Paris S-G;35-120;35;3.0;0;0.00;0;0;0;0;0;0;0;0.00;0;0;0;0;0;0
Flávio Nazinho\e7281ea9;Flávio Nazinho;pt POR;POR;DF;pt Sporting CP;Sporting CP;18-268;18;0.2;1;4.29;1;0;0;0;0;0;0;0.00;0;0;0;0;0;0
David Neres\4f1e6a0b;David Neres;br BRA;BRA;FW;nl Ajax;Ajax;25-042;25;2.3;6;2.63;6;0;0;0;0;0;0;0.00;0;0;0;0;0;0
Luís Neto\953597a1;Luís Neto;pt POR;POR;DF;pt Sporting CP;Sporting CP;33-323;33;4.1;1;0.24;1;0;0;0;0;0;0;0.00;0;0;0;0;0;0
Manuel Neuer\8778c910;Manuel Neuer;de GER;GER;GK;de Bayern Munich;Bayern Munich;36-018;36;9.0;5;0.56;3;2;0;0;0;0;1;0.11;1;0;0;0;0;0
Neymar\69384e5d;Neymar;br BRA;BRA;FW;fr Paris S-G;Paris S-G;30-068;30;5.2;21;4.03;17;0;0;1;2;1;2;0.38;2;0;0;0;0;0
Moumi Ngamaleu\0193a8bf;Moumi Ngamaleu;cm CMR;CMR;MFFW;ch Young Boys;Young Boys;27-279;27;5.9;18;3.05;11;0;3;2;1;1;1;0.17;1;0;0;0;0;0
Lasse Nielsen\06e5b0e4;Lasse Nielsen;dk DEN;DEN;DF;se Malmö;Malmö;34-096;34;5.0;0;0.00;0;0;0;0;0;0;0;0.00;0;0;0;0;0;0
Saúl Ñíguez\c14bc029;Saúl Ñíguez;es ESP;ESP;MFDF;eng Chelsea; Chelsea;27-144;27;1.8;2;1.12;2;0;0;0;0;0;0;0.00;0;0;0;0;0;0
Boban Nikolov\35862524;Boban Nikolov;mk MKD;MKD;MF;md Sheriff Tiraspol;Sheriff Tiraspol;27-260;27;1.1;4;3.64;2;0;0;1;1;0;1;0.91;0;0;0;1;0;0
Rasmus Nissen\39769cff;Rasmus Nissen;dk DEN;DEN;DF;at RB Salzburg;RB Salzburg;24-277;24;8.0;6;0.75;2;1;1;1;1;0;0;0.00;0;0;0;0;0;0
Christopher Nkunku\7c56da38;Christopher Nkunku;fr FRA;FRA;FWMF;de RB Leipzig;RB Leipzig;24-151;24;5.9;20;3.40;15;2;1;0;2;0;3;0.51;2;0;0;0;1;0
Lukas Nmecha\0cc5f4a5;Lukas Nmecha;de GER;GER;FWMF;de Wolfsburg;Wolfsburg;23-121;23;3.6;8;2.22;4;0;2;0;2;0;0;0.00;0;0;0;0;0;0
Hugo Novoa\5458f670;Hugo Novoa;es ESP;ESP;FW;de RB Leipzig;RB Leipzig;19-103;19;0.3;2;7.20;1;0;0;1;0;0;1;3.60;0;0;0;1;0;0
Matheus Nunes\e6af02e0;Matheus Nunes;pt POR;POR;MF;pt Sporting CP;Sporting CP;23-230;23;5.6;11;1.95;10;0;0;0;1;0;3;0.53;3;0;0;0;0;0
Darwin Núñez\4d77b365;Darwin Núñez;uy URU;URU;FW;pt Benfica;Benfica;22-294;22;6.8;6;0.88;4;0;0;2;0;0;0;0.00;0;0;0;0;0;0
Jan Oblak\ee8508c0;Jan Oblak;si SVN;SVN;GK;es Atlético Madrid;Atlético Madrid;29-097;29;10.0;0;0.00;0;0;0;0;0;0;0;0.00;0;0;0;0;0;0
Lucas Ocampos\a08b974a;Lucas Ocampos;ar ARG;ARG;FW;es Sevilla;Sevilla;27-277;27;5.1;10;1.95;6;0;2;0;2;0;2;0.39;1;0;1;0;0;0
Noah Okafor\ca607d59;Noah Okafor;ch SUI;SUI;FW;at RB Salzburg;RB Salzburg;21-325;21;3.8;12;3.17;10;0;1;1;0;0;0;0.00;0;0;0;0;0;0
Sérgio Oliveira\947e036f;Sérgio Oliveira;pt POR;POR;MF;pt Porto;Porto;29-316;29;3.3;12;3.62;3;8;0;1;0;0;1;0.30;0;0;0;1;0;0
Dani Olmo\ae44e8e2;Dani Olmo;es ESP;ESP;MF;de RB Leipzig;RB Leipzig;23-342;23;1.0;2;2.05;2;0;0;0;0;0;1;1.02;1;0;0;0;0;0
Martin Olsson\2f72f79e;Martin Olsson;se SWE;SWE;DF;se Malmö;Malmö;33-332;33;3.2;2;0.62;2;0;0;0;0;0;0;0.00;0;0;0;0;0;0
Amadou Onana\828657ff;Amadou Onana;be BEL;BEL;MFDF;fr Lille;Lille;20-241;20;2.9;5;1.73;4;0;0;0;1;0;1;0.35;1;0;0;0;0;0
André Onana\e9c0c1b2;André Onana;cm CMR;CMR;GK;nl Ajax;Ajax;26-012;26;2.0;0;0.00;0;0;0;0;0;0;0;0.00;0;0;0;0;0;0
Jérôme Onguéné\e81f0356;Jérôme Onguéné;cm CMR;CMR;DF;at RB Salzburg;RB Salzburg;24-113;24;4.8;0;0.00;0;0;0;0;0;0;0;0.00;0;0;0;0;0;0
Willi Orban\20030c06;Willi Orban;hu HUN;HUN;DF;de RB Leipzig;RB Leipzig;29-162;29;3.5;2;0.57;2;0;0;0;0;0;0;0.00;0;0;0;0;0;0
Divock Origi\43a166b4;Divock Origi;be BEL;BEL;FW;eng Liverpool; Liverpool;26-361;26;2.0;3;1.53;2;0;0;0;1;0;1;0.51;1;0;0;0;0;0
Nicolás Otamendi\0d267745;Nicolás Otamendi;ar ARG;ARG;DF;pt Benfica;Benfica;34-061;34;9.0;7;0.78;6;0;0;1;0;0;0;0.00;0;0;0;0;0;0
Otávio\28b1f3ce;Otávio;pt POR;POR;MF;pt Porto;Porto;27-064;27;5.0;19;3.83;13;2;0;1;1;2;0;0.00;0;0;0;0;0;0
Paulo Otávio\1cbe4984;Paulo Otávio;br BRA;BRA;DF;de Wolfsburg;Wolfsburg;27-142;27;1.9;2;1.05;1;0;0;1;0;0;1;0.53;1;0;0;0;0;0
Alex Oxlade-Chamberlain\38c7feef;Alex Oxlade-Chamberlain;eng ENG; ENG;MFFW;eng Liverpool; Liverpool;28-242;28;3.3;10;2.99;4;3;1;1;1;0;2;0.60;1;0;0;1;0;0
Magomed Ozdoyev\3ef0af0d;Magomed Ozdoyev;ru RUS;RUS;MF;ru Zenit;Zenit;29-160;29;0.1;0;0.00;0;0;0;0;0;0;0;0.00;0;0;0;0;0;0
Oðuzhan Özyakup\d8c679be;Oðuzhan Özyakup;tr TUR;TUR;MF;tr Beþiktaþ;Beþiktaþ;29-203;29;0.6;3;5.09;2;1;0;0;0;0;0;0.00;0;0;0;0;0;0
Gavi Paez\19cae58d;Gavi Paez;es ESP;ESP;MFFW;es Barcelona;Barcelona;17-252;17;4.4;5;1.13;4;0;0;0;1;0;0;0.00;0;0;0;0;0;0
João Palhinha\a78ff07f;João Palhinha;pt POR;POR;MF;pt Sporting CP;Sporting CP;26-279;26;5.9;1;0.17;1;0;0;0;0;0;0;0.00;0;0;0;0;0;0
Cole Palmer\dc7f8a28;Cole Palmer;eng ENG; ENG;MFFW;eng Manchester City; Manchester City;19-343;19;0.5;2;4.29;1;0;1;0;0;0;0;0.00;0;0;0;0;0;0
Leandro Paredes\dff153a4;Leandro Paredes;ar ARG;ARG;MF;fr Paris S-G;Paris S-G;27-289;27;3.5;3;0.86;3;0;0;0;0;0;0;0.00;0;0;0;0;0;0
Daniel Parejo\7460ca0d;Daniel Parejo;es ESP;ESP;MF;es Villarreal;Villarreal;32-363;32;9.9;34;3.43;17;16;0;1;0;0;4;0.40;1;2;0;1;0;0
Mario Pašali?\e599253a;Mario Pašali?;hr CRO;CRO;MFFW;it Atalanta;Atalanta;27-064;27;2.4;5;2.05;5;0;0;0;0;0;1;0.41;1;0;0;0;0;0
Felix Passlack\5c899683;Felix Passlack;de GER;GER;DF;de Dortmund;Dortmund;23-320;23;0.7;0;0.00;0;0;0;0;0;0;0;0.00;0;0;0;0;0;0
Remko Pasveer\3392603d;Remko Pasveer;nl NED;NED;GK;nl Ajax;Ajax;38-157;38;6.0;1;0.17;1;0;0;0;0;0;1;0.17;1;0;0;0;0;0
Alan Patrick\00672021;Alan Patrick;br BRA;BRA;MF;ua Shakhtar;Shakhtar;30-336;30;3.0;12;4.06;9;0;2;1;0;0;1;0.34;1;0;0;0;0;0
Paulinho\a62c16d0;Paulinho;pt POR;POR;FWMF;pt Sporting CP;Sporting CP;29-156;29;6.4;14;2.18;11;0;1;1;1;0;2;0.31;2;0;0;0;0;0
Benjamin Pavard\45a03961;Benjamin Pavard;fr FRA;FRA;DF;de Bayern Munich;Bayern Munich;26-017;26;8.5;15;1.77;12;1;0;1;0;1;3;0.35;2;0;0;1;0;0
Alfonso Pedraza\63f04c6c;Alfonso Pedraza;es ESP;ESP;DFMF;es Villarreal;Villarreal;26-005;26;4.2;10;2.39;8;1;0;0;0;1;2;0.48;2;0;0;0;0;0
Pedri\0d9b2d31;Pedri;es ESP;ESP;MF;es Barcelona;Barcelona;19-140;19;1.7;3;1.72;3;0;0;0;0;0;0;0.00;0;0;0;0;0;0
Pedrinho\6796e284;Pedrinho;br BRA;BRA;MFFW;ua Shakhtar;Shakhtar;24-001;24;3.8;12;3.16;10;0;1;0;0;1;0;0.00;0;0;0;0;0;0
Jordan Pefok\b684a484;Jordan Pefok;us USA;USA;FW;ch Young Boys;Young Boys;25-353;25;3.8;6;1.59;4;0;0;0;0;2;1;0.27;0;0;0;0;0;1
Luca Pellegrini\3b61c9ec;Luca Pellegrini;it ITA;ITA;DF;it Juventus;Juventus;23-038;23;0.0;0;0.00;0;0;0;0;0;0;0;0.00;0;0;0;0;0;0
Carlos de Pena\6b915aa1;Carlos de Pena;uy URU;URU;FWMF;ua Dynamo Kyiv;Dynamo Kyiv;30-034;30;4.1;4;0.97;4;0;0;0;0;0;0;0.00;0;0;0;0;0;0
Rubén Peña\1f079188;Rubén Peña;es ESP;ESP;MFFW;es Villarreal;Villarreal;30-270;30;0.2;0;0.00;0;0;0;0;0;0;0;0.00;0;0;0;0;0;0
Sergio Peña\eda8506a;Sergio Peña;pe PER;PER;MFFW;se Malmö;Malmö;26-198;26;3.1;4;1.29;3;0;0;0;0;1;0;0.00;0;0;0;0;0;0
Pepe\c906ce0f;Pepe;pt POR;POR;DF;pt Porto;Porto;39-047;39;3.9;2;0.52;2;0;0;0;0;0;0;0.00;0;0;0;0;0;0
Pepê\fc4e7637;Pepê;br BRA;BRA;FWMF;pt Porto;Porto;25-049;25;0.4;2;4.86;1;0;0;0;1;0;0;0.00;0;0;0;0;0;0
Danilo Pereira\8fd9996f;Danilo Pereira;pt POR;POR;MF;fr Paris S-G;Paris S-G;30-217;30;4.0;2;0.50;2;0;0;0;0;0;0;0.00;0;0;0;0;0;0
Mattia Perin\4c62d0c8;Mattia Perin;it ITA;ITA;GK;it Juventus;Juventus;29-155;29;1.0;0;0.00;0;0;0;0;0;0;0;0.00;0;0;0;0;0;0
Ivan Periši?\6fe90922;Ivan Periši?;hr CRO;CRO;DF;it Inter;Inter;33-071;33;5.9;21;3.57;18;0;2;1;0;0;1;0.17;1;0;0;0;0;0
Pavao Pervan\c89e8aae;Pavao Pervan;at AUT;AUT;GK;de Wolfsburg;Wolfsburg;34-152;34;1.0;1;1.00;1;0;0;0;0;0;0;0.00;0;0;0;0;0;0
Matteo Pessina\780e3631;Matteo Pessina;it ITA;ITA;MFFW;it Atalanta;Atalanta;24-358;24;2.3;5;2.13;5;0;0;0;0;0;0;0.00;0;0;0;0;0;0
Giuseppe Pezzella\149c5f5d;Giuseppe Pezzella;it ITA;ITA;DFMF;it Atalanta;Atalanta;24-136;24;0.6;1;1.55;0;0;0;0;1;0;1;1.55;0;0;0;0;1;0
Maximilian Philipp\061e8e23;Maximilian Philipp;de GER;GER;MFFW;de Wolfsburg;Wolfsburg;28-044;28;1.0;0;0.00;0;0;0;0;0;0;0;0.00;0;0;0;0;0;0
Nathaniel Phillips\515ebe8d;Nathaniel Phillips;eng ENG; ENG;DF;eng Liverpool; Liverpool;25-024;25;1.0;1;0.99;1;0;0;0;0;0;0;0.00;0;0;0;0;0;0
Kamil Pi?tkowski\2cf496fb;Kamil Pi?tkowski;pl POL;POL;DF;at RB Salzburg;RB Salzburg;21-297;21;0.9;1;1.06;1;0;0;0;0;0;0;0.00;0;0;0;0;0;0
Yeremi Pino\540ec57b;Yeremi Pino;es ESP;ESP;MFDF;es Villarreal;Villarreal;19-176;19;4.7;9;1.90;6;0;1;0;1;1;1;0.21;0;0;0;0;1;0
Gerard Piqué\adfc9123;Gerard Piqué;es ESP;ESP;DF;es Barcelona;Barcelona;35-071;35;4.4;0;0.00;0;0;0;0;0;0;0;0.00;0;0;0;0;0;0
Pizzi\96094cbc;Pizzi;pt POR;POR;FWMF;pt Benfica;Benfica;32-190;32;1.8;5;2.85;1;2;0;2;0;0;0;0.00;0;0;0;0;0;0
Miralem Pjani?\ad6df2d5;Miralem Pjani?;ba BIH;BIH;MF;tr Beþiktaþ;Beþiktaþ;32-012;32;2.9;17;5.88;10;7;0;0;0;0;2;0.69;0;2;0;0;0;0
Paul Pogba\867239d3;Paul Pogba;fr FRA;FRA;MFFW;eng Manchester Utd; Manchester Utd;29-030;29;3.8;5;1.30;5;0;0;0;0;0;0;0.00;0;0;0;0;0;0
Marin Pongra?i?\2a6cd437;Marin Pongra?i?;hr CRO;CRO;DF;de Dortmund;Dortmund;24-215;24;1.9;1;0.52;1;0;0;0;0;0;0;0.00;0;0;0;0;0;0
Pedro Porro\27d0a506;Pedro Porro;es ESP;ESP;DF;pt Sporting CP;Sporting CP;22-213;22;5.8;8;1.37;7;1;0;0;0;0;0;0.00;0;0;0;0;0;0
Yussuf Poulsen\d2416c2e;Yussuf Poulsen;dk DEN;DEN;FW;de RB Leipzig;RB Leipzig;27-303;27;1.7;3;1.81;1;0;0;1;1;0;1;0.60;1;0;0;0;0;0
Riqui Puig\f090a37a;Riqui Puig;es ESP;ESP;MF;es Barcelona;Barcelona;22-244;22;0.2;1;5.00;1;0;0;0;0;0;0;0.00;0;0;0;0;0;0
Christian Pulisic\1bf33a9a;Christian Pulisic;us USA;USA;FWMF;eng Chelsea; Chelsea;23-208;23;4.1;9;2.21;8;0;0;0;1;0;1;0.25;1;0;0;0;0;0
Andriy Pyatov\34c3b935;Andriy Pyatov;ua UKR;UKR;GK;ua Shakhtar;Shakhtar;37-290;37;2.9;0;0.00;0;0;0;0;0;0;0;0.00;0;0;0;0;0;0
Dani Raba\ea6a7ab4;Dani Raba;es ESP;ESP;DFFW;es Villarreal;Villarreal;26-167;26;0.1;0;0.00;0;0;0;0;0;0;0;0.00;0;0;0;0;0;0
Adrien Rabiot\8794e251;Adrien Rabiot;fr FRA;FRA;MF;it Juventus;Juventus;27-011;27;6.0;9;1.51;7;0;0;1;0;1;1;0.17;1;0;0;0;0;0
Stjepan Radelji?\30e03a25;Stjepan Radelji?;ba BIH;BIH;DFMF;md Sheriff Tiraspol;Sheriff Tiraspol;24-221;24;0.9;0;0.00;0;0;0;0;0;0;0;0.00;0;0;0;0;0;0
Nemanja Radonji?\0630eb63;Nemanja Radonji?;rs SRB;SRB;FW;pt Benfica;Benfica;26-058;26;0.4;0;0.00;0;0;0;0;0;0;0;0.00;0;0;0;0;0;0
Erdal Rakip\e150254d;Erdal Rakip;mk MKD;MKD;MF;se Malmö;Malmö;26-060;26;3.0;1;0.33;1;0;0;0;0;0;0;0.00;0;0;0;0;0;0
Ivan Rakiti?\89f951b5;Ivan Rakiti?;hr CRO;CRO;MF;es Sevilla;Sevilla;34-035;34;3.1;7;2.28;4;1;0;2;0;0;1;0.33;1;0;0;0;0;0
Yaroslav Rakitskiy\47fd5136;Yaroslav Rakitskiy;ua UKR;UKR;DF;ru Zenit;Zenit;32-254;32;5.5;10;1.82;7;2;1;0;0;0;3;0.55;2;0;1;0;0;0
Eric Ramírez\b9f92e76;Eric Ramírez;ve VEN;VEN;FWMF;ua Dynamo Kyiv;Dynamo Kyiv;23-145;23;0.2;0;0.00;0;0;0;0;0;0;0;0.00;0;0;0;0;0;0
Gonçalo Ramos\f63cda26;Gonçalo Ramos;pt POR;POR;MFFW;pt Benfica;Benfica;20-298;20;4.1;8;1.94;3;0;1;2;2;0;2;0.49;0;0;0;1;1;0
Aaron Ramsey\ef619b0b;Aaron Ramsey;wls WAL; WAL;MFFW;it Juventus;Juventus;31-109;31;0.2;1;5.63;0;1;0;0;0;0;0;0.00;0;0;0;0;0;0
Andrea Ranocchia\539230cf;Andrea Ranocchia;it ITA;ITA;DF;it Inter;Inter;34-057;34;1.1;1;0.90;1;0;0;0;0;0;0;0.00;0;0;0;0;0;0
Marcus Rashford\a1d5bd30;Marcus Rashford;eng ENG; ENG;FWMF;eng Manchester Utd; Manchester Utd;24-165;24;2.8;6;2.11;3;0;0;1;2;0;1;0.35;1;0;0;0;0;0
Ante Rebi?\536cebe5;Ante Rebi?;hr CRO;CRO;FW;it Milan;Milan;28-205;28;1.3;1;0.78;1;0;0;0;0;0;0;0.00;0;0;0;0;0;0
Reinier\6b21b7b5;Reinier;br BRA;BRA;MFFW;de Dortmund;Dortmund;20-085;20;1.4;7;5.00;6;0;1;0;0;0;0;0.00;0;0;0;0;0;0
Matheus Reis\ae1159bf;Matheus Reis;br BRA;BRA;DF;pt Sporting CP;Sporting CP;27-055;27;6.7;2;0.30;2;0;0;0;0;0;0;0.00;0;0;0;0;0;0
Karim Rekik\3376a776;Karim Rekik;nl NED;NED;DF;es Sevilla;Sevilla;27-133;27;1.4;0;0.00;0;0;0;0;0;0;0;0.00;0;0;0;0;0;0
Devyne Rensch\c5cbbcff;Devyne Rensch;nl NED;NED;DF;nl Ajax;Ajax;19-086;19;0.8;0;0.00;0;0;0;0;0;0;0;0.00;0;0;0;0;0;0
Marco Reus\36a3ff67;Marco Reus;de GER;GER;FWMF;de Dortmund;Dortmund;32-318;32;5.5;11;1.99;7;0;2;1;1;0;3;0.54;0;0;2;1;0;0
Federico Ricca\54f5ce34;Federico Ricca;uy URU;URU;DF;be Club Brugge;Club Brugge;27-134;27;1.8;2;1.08;1;1;0;0;0;0;0;0.00;0;0;0;0;0;0
Omar Richards\f9b1b7bf;Omar Richards;eng ENG; ENG;DFFW;de Bayern Munich;Bayern Munich;24-058;24;0.6;3;4.82;2;0;0;0;0;1;0;0.00;0;0;0;0;0;0
Fabian Rieder\c2bd8585;Fabian Rieder;ch SUI;SUI;MFFW;ch Young Boys;Young Boys;20-057;20;3.0;4;1.32;3;0;0;0;0;1;2;0.66;1;0;0;0;0;1
Søren Rieks\572498c7;Søren Rieks;dk DEN;DEN;DF;se Malmö;Malmö;35-007;35;2.4;2;0.82;2;0;0;0;0;0;1;0.41;1;0;0;0;0;0
Mats Rits\733e7ad8;Mats Rits;be BEL;BEL;MF;be Club Brugge;Club Brugge;28-270;28;4.6;3;0.65;1;0;0;1;1;0;0;0.00;0;0;0;0;0;0
Sergi Roberto\335fa267;Sergi Roberto;es ESP;ESP;DFFW;es Barcelona;Barcelona;30-066;30;1.9;3;1.61;2;0;0;0;1;0;0;0.00;0;0;0;0;0;0
Andrew Robertson\2e4f5f03;Andrew Robertson;sct SCO; SCO;DF;eng Liverpool; Liverpool;28-034;28;6.3;22;3.49;12;7;1;1;0;1;3;0.48;1;2;0;0;0;0
Marc Roca\da27e268;Marc Roca;es ESP;ESP;MF;de Bayern Munich;Bayern Munich;25-139;25;0.9;0;0.00;0;0;0;0;0;0;0;0.00;0;0;0;0;0;0
Rodri\6434f10d;Rodri;es ESP;ESP;MF;eng Manchester City; Manchester City;25-296;25;7.2;17;2.35;16;0;0;1;0;0;3;0.42;3;0;0;0;0;0
Óscar Rodríguez Arnaiz\19709006;Óscar Rodríguez Arnaiz;es ESP;ESP;MF;es Sevilla;Sevilla;23-290;23;0.3;0;0.00;0;0;0;0;0;0;0;0.00;0;0;0;0;0;0
Rodrygo\8f5e92a6;Rodrygo;br BRA;BRA;FW;es Real Madrid;Real Madrid;21-095;21;4.3;19;4.45;15;0;1;2;1;0;2;0.47;2;0;0;0;0;0
Alessio Romagnoli\3ead85f9;Alessio Romagnoli;it ITA;ITA;DF;it Milan;Milan;27-092;27;4.4;1;0.23;1;0;0;0;0;0;0;0.00;0;0;0;0;0;0
Iván Romero\2fbe6af0;Iván Romero;es ESP;ESP;FW;es Sevilla;Sevilla;21-004;21;0.2;0;0.00;0;0;0;0;0;0;0;0.00;0;0;0;0;0;0
Cristiano Ronaldo\dea698d9;Cristiano Ronaldo;pt POR;POR;FW;eng Manchester Utd; Manchester Utd;37-068;37;6.8;17;2.51;12;0;2;1;1;1;1;0.15;1;0;0;0;0;0
Marten de Roon\2a1beb34;Marten de Roon;nl NED;NED;MFDF;it Atalanta;Atalanta;31-016;31;5.4;8;1.49;6;1;0;1;0;0;0;0.00;0;0;0;0;0;0
Valentin Rosier\9b6d9b53;Valentin Rosier;fr FRA;FRA;DF;tr Beþiktaþ;Beþiktaþ;25-238;25;4.5;2;0.44;2;0;0;0;0;0;0;0.00;0;0;0;0;0;0
Jérôme Roussillon\13203c45;Jérôme Roussillon;fr FRA;FRA;DF;de Wolfsburg;Wolfsburg;29-098;29;4.0;1;0.25;1;0;0;0;0;0;0;0.00;0;0;0;0;0;0
Antonio Rüdiger\18b896d6;Antonio Rüdiger;de GER;GER;DF;eng Chelsea; Chelsea;29-042;29;9.3;9;0.96;7;0;1;0;1;0;1;0.11;0;0;0;0;1;0
Daniele Rugani\14b8fcdf;Daniele Rugani;it ITA;ITA;DF;it Juventus;Juventus;27-259;27;2.0;3;1.51;3;0;0;0;0;0;0;0.00;0;0;0;0;0;0
Gerónimo Rulli\625c144a;Gerónimo Rulli;ar ARG;ARG;GK;es Villarreal;Villarreal;29-329;29;10.0;7;0.70;4;3;0;0;0;0;0;0.00;0;0;0;0;0;0
Serdar Saatçý\760fd987;Serdar Saatçý;tr TUR;TUR;DF;tr Beþiktaþ;Beþiktaþ;19-059;19;1.0;0;0.00;0;0;0;0;0;0;0;0.00;0;0;0;0;0;0
Marcel Sabitzer\e280527c;Marcel Sabitzer;at AUT;AUT;MF;de Bayern Munich;Bayern Munich;28-028;28;1.5;6;3.97;5;1;0;0;0;0;1;0.66;1;0;0;0;0;0
Alexis Saelemaekers\ee251371;Alexis Saelemaekers;be BEL;BEL;FW;it Milan;Milan;22-291;22;4.9;8;1.63;6;0;1;0;1;0;1;0.20;1;0;0;0;0;0
Mohamed Salah\e342ad68;Mohamed Salah;eg EGY;EGY;FW;eng Liverpool; Liverpool;29-303;29;8.2;32;3.92;23;0;5;2;2;0;4;0.49;1;0;3;0;0;0
Renato Sanches\032f894e;Renato Sanches;pt POR;POR;MFFW;fr Lille;Lille;24-239;24;4.5;11;2.45;7;1;2;0;1;0;1;0.22;1;0;0;0;0;0
Alexis Sánchez\2c0f8e9e;Alexis Sánchez;cl CHI;CHI;FW;it Inter;Inter;33-116;33;1.8;8;4.53;7;0;1;0;0;0;2;1.13;1;0;1;0;0;0
Jadon Sancho\dbf053da;Jadon Sancho;eng ENG; ENG;FW;eng Manchester Utd; Manchester Utd;22-020;22;4.4;6;1.38;6;0;0;0;0;0;1;0.23;1;0;0;0;0;0
Cisse Sandra\2f33776f;Cisse Sandra;be BEL;BEL;FW;be Club Brugge;Club Brugge;18-119;18;0.6;0;0.00;0;0;0;0;0;0;0;0.00;0;0;0;0;0;0
Alex Sandro\0d82903c;Alex Sandro;br BRA;BRA;DF;it Juventus;Juventus;31-078;31;6.1;10;1.63;9;0;0;0;0;1;0;0.00;0;0;0;0;0;0
Leroy Sané\2b114be3;Leroy Sané;de GER;GER;FWMF;de Bayern Munich;Bayern Munich;26-093;26;8.8;38;4.30;29;1;3;3;2;0;8;0.91;7;0;0;1;0;0
Douglas Santos\c50e5bba;Douglas Santos;br BRA;BRA;DF;ru Zenit;Zenit;28-023;28;4.9;15;3.05;14;1;0;0;0;0;2;0.41;2;0;0;0;0;0
Nuno Santos\a6ee4f55;Nuno Santos;pt POR;POR;FWMF;pt Sporting CP;Sporting CP;27-060;27;2.4;7;2.86;6;1;0;0;0;0;0;0.00;0;0;0;0;0;0
Zaidu Sanusi\24051310;Zaidu Sanusi;ng NGA;NGA;DF;pt Porto;Porto;24-305;24;4.3;5;1.16;2;3;0;0;0;0;0;0.00;0;0;0;0;0;0
Pablo Sarabia\9744ff80;Pablo Sarabia;es ESP;ESP;FWMF;pt Sporting CP;Sporting CP;29-338;29;5.6;19;3.38;14;4;0;1;0;0;2;0.36;2;0;0;0;0;0
Bouna Sarr\1a4b9094;Bouna Sarr;sn SEN;SEN;DFFW;de Bayern Munich;Bayern Munich;30-073;30;1.4;4;2.81;2;0;2;0;0;0;1;0.70;1;0;0;0;0;0
Malang Sarr\4315f30d;Malang Sarr;fr FRA;FRA;DF;eng Chelsea; Chelsea;23-081;23;1.1;0;0.00;0;0;0;0;0;0;0;0.00;0;0;0;0;0;0
Charlie Savage\e07398f8;Charlie Savage;wls WAL; WAL;MF;eng Manchester Utd; Manchester Utd;18-347;18;0.0;0;0.00;0;0;0;0;0;0;0;0.00;0;0;0;0;0;0
Stefan Savi?\f6ac68c1;Stefan Savi?;me MNE;MNE;DF;es Atlético Madrid;Atlético Madrid;31-096;31;5.0;2;0.40;2;0;0;0;0;0;0;0.00;0;0;0;0;0;0
Nico Schulz\fa274d97;Nico Schulz;de GER;GER;DF;de Dortmund;Dortmund;29-013;29;2.2;8;3.67;7;0;0;0;0;1;2;0.92;2;0;0;0;0;0
Perr Schuurs\e613313c;Perr Schuurs;nl NED;NED;DF;nl Ajax;Ajax;22-139;22;1.6;1;0.62;1;0;0;0;0;0;1;0.62;1;0;0;0;0;0
Haris Seferovi?\a45eac1f;Haris Seferovi?;ch SUI;SUI;FW;pt Benfica;Benfica;30-051;30;0.1;1;9.00;0;0;0;1;0;0;0;0.00;0;0;0;0;0;0
Nicolas Seiwald\28c6e925;Nicolas Seiwald;at AUT;AUT;MF;at RB Salzburg;RB Salzburg;20-345;20;7.2;18;2.51;10;4;1;1;0;2;1;0.14;1;0;0;0;0;0
Stefano Sensi\b70bde8f;Stefano Sensi;it ITA;ITA;MF;it Inter;Inter;26-252;26;0.1;1;8.18;1;0;0;0;0;0;0;0.00;0;0;0;0;0;0
Javier Serrano\0a8fd9cb;Javier Serrano;es ESP;ESP;MF;es Atlético Madrid;Atlético Madrid;19-088;19;0.2;0;0.00;0;0;0;0;0;0;0;0.00;0;0;0;0;0;0
Benjamin Šeško\3260690c;Benjamin Šeško;si SVN;SVN;FW;at RB Salzburg;RB Salzburg;18-318;18;2.6;2;0.77;1;0;0;1;0;0;0;0.00;0;0;0;0;0;0
Artem Shabanov\52e101a8;Artem Shabanov;ua UKR;UKR;DF;ua Dynamo Kyiv;Dynamo Kyiv;30-038;30;1.0;0;0.00;0;0;0;0;0;0;0;0.00;0;0;0;0;0;0
Mykola Shaparenko\17e3e467;Mykola Shaparenko;ua UKR;UKR;MF;ua Dynamo Kyiv;Dynamo Kyiv;23-192;23;5.4;10;1.86;4;2;0;1;2;1;0;0.00;0;0;0;0;0;0
Luke Shaw\9c94165b;Luke Shaw;eng ENG; ENG;DF;eng Manchester Utd; Manchester Utd;26-276;26;4.4;11;2.50;8;2;0;0;1;0;3;0.68;3;0;0;0;0;0
Volodymyr Shepelyev\a81ed730;Volodymyr Shepelyev;ua UKR;UKR;MF;ua Dynamo Kyiv;Dynamo Kyiv;24-317;24;0.6;1;1.64;0;1;0;0;0;0;0;0.00;0;0;0;0;0;0
Oleksiy Shevchenko\e1d4f20d;Oleksiy Shevchenko;ua UKR;UKR;GK;ua Shakhtar;Shakhtar;30-049;30;0.1;0;0.00;0;0;0;0;0;0;0;0.00;0;0;0;0;0;0
Ilya Shkurin\b37c0a9f;Ilya Shkurin;by BLR;BLR;FW;ua Dynamo Kyiv;Dynamo Kyiv;22-240;22;1.1;0;0.00;0;0;0;0;0;0;0;0.00;0;0;0;0;0;0
Shola Shoretire\00f0482f;Shola Shoretire;eng ENG; ENG;MF;eng Manchester Utd; Manchester Utd;18-071;18;0.3;0;0.00;0;0;0;0;0;0;0;0.00;0;0;0;0;0;0
Vincent Sierro\92ffb8f9;Vincent Sierro;ch SUI;SUI;MF;ch Young Boys;Young Boys;26-188;26;2.7;10;3.75;7;2;0;0;1;0;0;0.00;0;0;0;0;0;0
Cristiano da Silva Leite\2567b7b6;Cristiano da Silva Leite;br BRA;BRA;DF;md Sheriff Tiraspol;Sheriff Tiraspol;28-228;28;6.0;8;1.33;7;0;1;0;0;0;4;0.67;3;0;1;0;0;0
André Silva\3effaa34;André Silva;pt POR;POR;FW;de RB Leipzig;RB Leipzig;26-159;26;4.5;19;4.20;11;0;1;3;3;1;3;0.66;1;0;1;1;0;0
Bernardo Silva\3eb22ec9;Bernardo Silva;pt POR;POR;MFFW;eng Manchester City; Manchester City;27-247;27;7.4;14;1.90;13;0;0;1;0;0;2;0.27;2;0;0;0;0;0
Bruno Felipe Souza da Silva\0eb83e1a;Bruno Felipe Souza da Silva;br BRA;BRA;FWMF;md Sheriff Tiraspol;Sheriff Tiraspol;27-323;27;3.5;11;3.15;9;0;1;0;1;0;1;0.29;0;0;0;0;1;0
Rafa Silva\70cf63ca;Rafa Silva;pt POR;POR;FWMF;pt Benfica;Benfica;28-332;28;7.8;27;3.47;18;0;6;0;2;1;1;0.13;1;0;0;0;0;0
Thiago Silva\86e7deaf;Thiago Silva;br BRA;BRA;DF;eng Chelsea; Chelsea;37-204;37;8.4;12;1.42;10;1;0;1;0;0;2;0.24;2;0;0;0;0;0
Mohamed Simakan\fcb27134;Mohamed Simakan;fr FRA;FRA;DF;de RB Leipzig;RB Leipzig;21-346;21;3.3;1;0.31;1;0;0;0;0;0;0;0.00;0;0;0;0;0;0
Roko Simic\a086ae11;Roko Simic;hr CRO;CRO;FW;at RB Salzburg;RB Salzburg;18-216;18;0.1;0;0.00;0;0;0;0;0;0;0;0.00;0;0;0;0;0;0
Milan Škriniar\30f5ffa9;Milan Škriniar;sk SVK;SVK;DF;it Inter;Inter;27-062;27;8.0;9;1.13;6;0;0;2;1;0;1;0.12;0;0;0;1;0;0
Islam Slimani\ffec9769;Islam Slimani;dz ALG;ALG;FW;pt Sporting CP;Sporting CP;33-300;33;1.2;0;0.00;0;0;0;0;0;0;0;0.00;0;0;0;0;0;0
Everton Soares\b1cbc666;Everton Soares;br BRA;BRA;FWMF;pt Benfica;Benfica;26-023;26;6.0;6;1.00;3;3;0;0;0;0;0;0.00;0;0;0;0;0;0
Eduard Sobol\2ccd89a3;Eduard Sobol;ua UKR;UKR;DF;be Club Brugge;Club Brugge;26-359;26;3.7;1;0.27;1;0;0;0;0;0;1;0.27;1;0;0;0;0;0
Oumar Solet\0670ee51;Oumar Solet;fr FRA;FRA;DF;at RB Salzburg;RB Salzburg;22-066;22;3.7;2;0.55;2;0;0;0;0;0;0;0.00;0;0;0;0;0;0
Manor Solomon\886f9aac;Manor Solomon;il ISR;ISR;FWMF;ua Shakhtar;Shakhtar;22-264;22;3.6;18;5.03;13;0;3;1;1;0;0;0.00;0;0;0;0;0;0
Josef de Souza\fb6530de;Josef de Souza;br BRA;BRA;MF;tr Beþiktaþ;Beþiktaþ;33-062;33;4.9;3;0.61;2;0;0;1;0;0;0;0.00;0;0;0;0;0;0
Kamal Sowah\74b7375f;Kamal Sowah;gh GHA;GHA;MFDF;be Club Brugge;Club Brugge;22-095;22;3.3;5;1.52;4;1;0;0;0;0;0;0.00;0;0;0;0;0;0
Marvin Spielmann\59fd245c;Marvin Spielmann;ch SUI;SUI;MF;ch Young Boys;Young Boys;26-050;26;0.1;0;0.00;0;0;0;0;0;0;0;0.00;0;0;0;0;0;0
Josip Staniši?\7ed08d5c;Josip Staniši?;hr CRO;CRO;DF;de Bayern Munich;Bayern Munich;22-012;22;0.3;3;11.74;3;0;0;0;0;0;1;3.91;1;0;0;0;0;0
Renato Steffen\dd669209;Renato Steffen;ch SUI;SUI;FW;de Wolfsburg;Wolfsburg;30-162;30;2.9;2;0.70;1;0;0;0;1;0;0;0.00;0;0;0;0;0;0
Zack Steffen\42130443;Zack Steffen;us USA;USA;GK;eng Manchester City; Manchester City;27-012;27;1.0;0;0.00;0;0;0;0;0;0;0;0.00;0;0;0;0;0;0
Taras Stepanenko\ee3519f5;Taras Stepanenko;ua UKR;UKR;MF;ua Shakhtar;Shakhtar;32-249;32;2.5;3;1.20;3;0;0;0;0;0;0;0.00;0;0;0;0;0;0
Raheem Sterling\b400bde0;Raheem Sterling;eng ENG; ENG;FW;eng Manchester City; Manchester City;27-127;27;6.2;19;3.08;13;0;4;2;0;0;2;0.32;2;0;0;0;0;0
John Stones\5eecec3d;John Stones;eng ENG; ENG;DF;eng Manchester City; Manchester City;27-321;27;6.7;1;0.15;1;0;0;0;0;0;0;0.00;0;0;0;0;0;0
Luis Suárez\a6154613;Luis Suárez;uy URU;URU;FW;es Atlético Madrid;Atlético Madrid;35-080;35;3.8;5;1.30;5;0;0;0;0;0;0;0.00;0;0;0;0;0;0
Luka Su?i?\1e1378e1;Luka Su?i?;hr CRO;CRO;MF;at RB Salzburg;RB Salzburg;19-218;19;5.7;17;2.98;14;1;0;2;0;0;1;0.18;1;0;0;0;0;0
Heorhii Sudakov\a793f5a8;Heorhii Sudakov;ua UKR;UKR;MF;ua Shakhtar;Shakhtar;19-225;19;0.6;4;6.32;3;1;0;0;0;0;0;0.00;0;0;0;0;0;0
Niklas Süle\e33c06cf;Niklas Süle;de GER;GER;DF;de Bayern Munich;Bayern Munich;26-223;26;5.7;5;0.88;5;0;0;0;0;0;0;0.00;0;0;0;0;0;0
Miralem Sulejmani\615c4d8f;Miralem Sulejmani;rs SRB;SRB;MF;ch Young Boys;Young Boys;33-130;33;0.1;0;0.00;0;0;0;0;0;0;0;0.00;0;0;0;0;0;0
Vladyslav Supriaha\73affbb6;Vladyslav Supriaha;ua UKR;UKR;FW;ua Dynamo Kyiv;Dynamo Kyiv;22-058;22;0.9;1;1.11;1;0;0;0;0;0;0;0.00;0;0;0;0;0;0
Suso\4e219ad2;Suso;es ESP;ESP;FW;es Sevilla;Sevilla;28-146;28;2.5;9;3.60;5;2;1;0;1;0;0;0.00;0;0;0;0;0;0
Aleksei Sutormin\bd20f4eb;Aleksei Sutormin;ru RUS;RUS;DF;ru Zenit;Zenit;28-094;28;3.3;4;1.23;3;1;0;0;0;0;0;0.00;0;0;0;0;0;0
Serhiy Sydorchuk\c71e97ba;Serhiy Sydorchuk;ua UKR;UKR;MF;ua Dynamo Kyiv;Dynamo Kyiv;30-347;30;5.9;3;0.50;3;0;0;0;0;0;0;0.00;0;0;0;0;0;0
Oleksandr Syrota\3d62c18b;Oleksandr Syrota;ua UKR;UKR;DF;ua Dynamo Kyiv;Dynamo Kyiv;21-307;21;5.0;0;0.00;0;0;0;0;0;0;0;0.00;0;0;0;0;0;0
Wojciech Szcz?sny\01b8a2b2;Wojciech Szcz?sny;pl POL;POL;GK;it Juventus;Juventus;31-361;31;7.0;0;0.00;0;0;0;0;0;0;0;0.00;0;0;0;0;0;0
Dominik Szoboszlai\934e1968;Dominik Szoboszlai;hu HUN;HUN;FWDF;de RB Leipzig;RB Leipzig;21-171;21;2.3;15;6.43;9;3;1;0;2;0;4;1.71;2;0;1;0;1;0
Adel Taarabt\47dc80f5;Adel Taarabt;ma MAR;MAR;MF;pt Benfica;Benfica;32-325;32;3.8;4;1.04;4;0;0;0;0;0;0;0.00;0;0;0;0;0;0
Bruno Tabata\2e0f6a18;Bruno Tabata;br BRA;BRA;FWMF;pt Sporting CP;Sporting CP;25-015;25;2.3;6;2.66;4;2;0;0;0;0;1;0.44;1;0;0;0;0;0
Dušan Tadi?\2475dcc6;Dušan Tadi?;rs SRB;SRB;FW;nl Ajax;Ajax;33-145;33;7.0;40;5.71;33;4;2;0;1;0;5;0.71;4;0;1;0;0;0
Nicolás Tagliafico\f0661424;Nicolás Tagliafico;ar ARG;ARG;DF;nl Ajax;Ajax;29-226;29;1.5;4;2.59;3;0;0;0;1;0;1;0.65;1;0;0;0;0;0
Mehdi Taremi\4c2a5d34;Mehdi Taremi;ir IRN;IRN;FW;pt Porto;Porto;29-270;29;5.4;11;2.02;9;0;1;0;0;1;1;0.18;1;0;0;0;0;0
Ciprian T?t?ru?anu\b056e3da;Ciprian T?t?ru?anu;ro ROU;ROU;GK;it Milan;Milan;36-064;36;3.0;0;0.00;0;0;0;0;0;0;0;0.00;0;0;0;0;0;0
Kenneth Taylor\ad9b2747;Kenneth Taylor;nl NED;NED;MF;nl Ajax;Ajax;19-333;19;0.5;1;2.20;1;0;0;0;0;0;0;0.00;0;0;0;0;0;0
Alex Teixeira\ae530c73;Alex Teixeira;br BRA;BRA;MF;tr Beþiktaþ;Beþiktaþ;32-098;32;2.0;2;0.99;1;0;0;0;1;0;0;0.00;0;0;0;0;0;0
Alex Telles\e73c9bb2;Alex Telles;br BRA;BRA;DF;eng Manchester Utd; Manchester Utd;29-120;29;3.2;6;1.85;3;2;0;0;1;0;0;0.00;0;0;0;0;0;0
Marc-André ter Stegen\6f51e382;Marc-André ter Stegen;de GER;GER;GK;es Barcelona;Barcelona;29-349;29;6.0;1;0.17;1;0;0;0;0;0;0;0.00;0;0;0;0;0;0
Tetê\7120a04d;Tetê;br BRA;BRA;FWMF;ua Shakhtar;Shakhtar;22-058;22;4.1;9;2.18;8;0;0;1;0;0;0;0.00;0;0;0;0;0;0
Sébastien Thill\fb46125f;Sébastien Thill;lu LUX;LUX;MF;md Sheriff Tiraspol;Sheriff Tiraspol;28-106;28;6.0;16;2.67;10;5;0;0;0;1;2;0.33;1;1;0;0;0;0
Steffen Tigges\6b8887c2;Steffen Tigges;de GER;GER;FW;de Dortmund;Dortmund;23-257;23;1.1;1;0.91;1;0;0;0;0;0;0;0.00;0;0;0;0;0;0
Samson Tijani\4ce20e90;Samson Tijani;ng NGA;NGA;MF;at RB Salzburg;RB Salzburg;19-332;19;0.3;1;3.75;0;0;0;0;0;1;0;0.00;0;0;0;0;0;0
Malik Tillman\a5420709;Malik Tillman;de GER;GER;MFFW;de Bayern Munich;Bayern Munich;19-321;19;0.2;1;4.50;1;0;0;0;0;0;0;0.00;0;0;0;0;0;0
Jurrien Timber\41034650;Jurrien Timber;nl NED;NED;DF;nl Ajax;Ajax;20-301;20;6.4;5;0.79;4;0;0;0;1;0;1;0.16;1;0;0;0;0;0
Corentin Tolisso\652d4c37;Corentin Tolisso;fr FRA;FRA;MF;de Bayern Munich;Bayern Munich;27-254;27;2.6;6;2.32;6;0;0;0;0;0;1;0.39;1;0;0;0;0;0
Rafael Tolói\c56dc39e;Rafael Tolói;it ITA;ITA;DF;it Atalanta;Atalanta;31-186;31;4.0;8;2.00;8;0;0;0;0;0;0;0.00;0;0;0;0;0;0
Tiago Tomás\b492126a;Tiago Tomás;pt POR;POR;FWMF;pt Sporting CP;Sporting CP;19-302;19;1.8;3;1.66;3;0;0;0;0;0;2;1.10;2;0;0;0;0;0
Fikayo Tomori\7edfbb8a;Fikayo Tomori;eng ENG; ENG;DF;it Milan;Milan;24-116;24;4.6;2;0.43;2;0;0;0;0;0;0;0.00;0;0;0;0;0;0
Sandro Tonali\0db169ae;Sandro Tonali;it ITA;ITA;MF;it Milan;Milan;21-341;21;3.7;2;0.54;1;1;0;0;0;0;0;0.00;0;0;0;0;0;0
Mehmet Topal\f93c876b;Mehmet Topal;tr TUR;TUR;MFDF;tr Beþiktaþ;Beþiktaþ;36-042;36;2.9;0;0.00;0;0;0;0;0;0;0;0.00;0;0;0;0;0;0
Gökhan Töre\51960957;Gökhan Töre;tr TUR;TUR;MFFW;tr Beþiktaþ;Beþiktaþ;30-084;30;0.9;1;1.15;0;0;0;0;1;0;1;1.15;0;0;0;0;1;0
Ferrán Torres\9e1035f8;Ferrán Torres;es ESP;ESP;FW;eng Manchester City; Manchester City;22-044;22;0.8;3;3.86;2;0;0;1;0;0;1;1.29;0;0;0;1;0;0
Óliver Torres\58a9a4d9;Óliver Torres;es ESP;ESP;MF;es Sevilla;Sevilla;27-155;27;1.9;6;3.21;6;0;0;0;0;0;0;0.00;0;0;0;0;0;0
Pau Torres\532e1e4f;Pau Torres;es ESP;ESP;DF;es Villarreal;Villarreal;25-088;25;10.0;5;0.50;3;1;0;0;0;1;0;0.00;0;0;0;0;0;0
Adama Traoré\f9edc384;Adama Traoré;ml MLI;MLI;FWMF;md Sheriff Tiraspol;Sheriff Tiraspol;26-313;26;5.9;6;1.02;4;0;0;0;2;0;2;0.34;1;0;0;0;1;0
Manu Trigueros\963829d0;Manu Trigueros;es ESP;ESP;MFFW;es Villarreal;Villarreal;30-179;30;3.3;12;3.61;11;0;0;0;1;0;1;0.30;1;0;0;0;0;0
Kieran Trippier\21512407;Kieran Trippier;eng ENG; ENG;DF;es Atlético Madrid;Atlético Madrid;31-207;31;2.4;1;0.41;1;0;0;0;0;0;0;0.00;0;0;0;0;0;0
Anatolii Trubin\41f0b196;Anatolii Trubin;ua UKR;UKR;GK;ua Shakhtar;Shakhtar;20-256;20;3.0;0;0.00;0;0;0;0;0;0;0;0.00;0;0;0;0;0;0
Kostas Tsimikas\f315ca93;Kostas Tsimikas;gr GRE;GRE;DF;eng Liverpool; Liverpool;25-337;25;3.7;14;3.80;9;4;1;0;0;0;2;0.54;0;2;0;0;0;0
Viktor Tsyhankov\f7e87032;Viktor Tsyhankov;ua UKR;UKR;FWMF;ua Dynamo Kyiv;Dynamo Kyiv;24-150;24;5.4;14;2.59;10;3;0;1;0;0;1;0.19;1;0;0;0;0;0
Oleksandr Tymchyk\3b996663;Oleksandr Tymchyk;ua UKR;UKR;DF;ua Dynamo Kyiv;Dynamo Kyiv;25-084;25;1.8;5;2.78;4;1;0;0;0;0;0;0.00;0;0;0;0;0;0
Salih Uçan\fe154b26;Salih Uçan;tr TUR;TUR;MF;tr Beþiktaþ;Beþiktaþ;28-098;28;1.3;3;2.39;2;1;0;0;0;0;0;0.00;0;0;0;0;0;0
Manuel Ugarte Ribeiro\c9817014;Manuel Ugarte Ribeiro;uy URU;URU;MF;pt Sporting CP;Sporting CP;21-003;21;2.3;1;0.44;1;0;0;0;0;0;0;0.00;0;0;0;0;0;0
Andreas Ulmer\1a799243;Andreas Ulmer;at AUT;AUT;DF;at RB Salzburg;RB Salzburg;36-166;36;7.9;6;0.76;5;0;0;0;0;1;0;0.00;0;0;0;0;0;0
Sven Ulreich\7d3e7da6;Sven Ulreich;de GER;GER;GK;de Bayern Munich;Bayern Munich;33-254;33;1.0;0;0.00;0;0;0;0;0;0;0;0.00;0;0;0;0;0;0
Dayot Upamecano\d248cd8f;Dayot Upamecano;fr FRA;FRA;DF;de Bayern Munich;Bayern Munich;23-169;23;7.3;7;0.95;6;0;0;1;0;0;0;0.00;0;0;0;0;0;0
Mateus Uribe\b997c3de;Mateus Uribe;co COL;COL;MF;pt Porto;Porto;31-024;31;3.2;1;0.31;1;0;0;0;0;0;0;0.00;0;0;0;0;0;0
Necip Uysal\2f7af524;Necip Uysal;tr TUR;TUR;DF;tr Beþiktaþ;Beþiktaþ;31-080;31;2.1;3;1.42;3;0;0;0;0;0;0;0.00;0;0;0;0;0;0
Jesús Vallejo\c2111b45;Jesús Vallejo;es ESP;ESP;DF;es Real Madrid;Real Madrid;25-099;25;0.0;0;0.00;0;0;0;0;0;0;0;0.00;0;0;0;0;0;0
Federico Valverde\0959c2a2;Federico Valverde;uy URU;URU;MFFW;es Real Madrid;Real Madrid;23-266;23;5.7;14;2.47;12;1;1;0;0;0;2;0.35;2;0;0;0;0;0
Ignace Van Der Brempt\2bf50b37;Ignace Van Der Brempt;be BEL;BEL;DFMF;be Club Brugge;Club Brugge;20-013;20;1.8;7;3.82;4;0;1;0;1;1;1;0.55;1;0;0;0;0;0
Hans Vanaken\392a7aea;Hans Vanaken;be BEL;BEL;MF;be Club Brugge;Club Brugge;29-233;29;6.0;17;2.83;14;0;0;2;0;1;2;0.33;1;0;0;1;0;0
Raphaël Varane\9f8e9423;Raphaël Varane;fr FRA;FRA;DF;eng Manchester Utd; Manchester Utd;28-354;28;3.9;0;0.00;0;0;0;0;0;0;0;0.00;0;0;0;0;0;0
Berkay Vardar\708d068c;Berkay Vardar;az AZE;AZE;DF;tr Beþiktaþ;Beþiktaþ;19-090;19;0.2;0;0.00;0;0;0;0;0;0;0;0.00;0;0;0;0;0;0
Lucas Vázquez\fd51b456;Lucas Vázquez;es ESP;ESP;DFFW;es Real Madrid;Real Madrid;30-287;30;3.9;12;3.11;11;0;1;0;0;0;1;0.26;1;0;0;0;0;0
Matías Vecino\44ac04e9;Matías Vecino;uy URU;URU;MF;it Inter;Inter;30-233;30;1.4;1;0.71;1;0;0;0;0;0;0;0.00;0;0;0;0;0;0
Benjamin Verbi?\2ebc1b44;Benjamin Verbi?;si SVN;SVN;MFFW;ua Dynamo Kyiv;Dynamo Kyiv;28-138;28;1.0;3;2.93;1;0;1;0;1;0;0;0.00;0;0;0;0;0;0
Lucas Veríssimo\5eaf85b5;Lucas Veríssimo;br BRA;BRA;DF;pt Benfica;Benfica;26-286;26;3.0;5;1.67;4;0;0;0;0;1;0;0.00;0;0;0;0;0;0
Marco Verratti\1467af0d;Marco Verratti;it ITA;ITA;MF;fr Paris S-G;Paris S-G;29-160;29;4.8;22;4.60;20;0;2;0;0;0;1;0.21;1;0;0;0;0;0
Jan Vertonghen\ba23a904;Jan Vertonghen;be BEL;BEL;DF;pt Benfica;Benfica;34-355;34;10.0;3;0.30;2;0;0;1;0;0;0;0.00;0;0;0;0;0;0
Domagoj Vida\3f359b33;Domagoj Vida;hr CRO;CRO;DF;tr Beþiktaþ;Beþiktaþ;32-350;32;2.0;0;0.00;0;0;0;0;0;0;0;0.00;0;0;0;0;0;0
Arturo Vidal\67cdbc0e;Arturo Vidal;cl CHI;CHI;MF;it Inter;Inter;34-327;34;4.6;12;2.63;11;0;0;0;0;1;2;0.44;2;0;0;0;0;0
Fabio Vieira\6412cc03;Fabio Vieira;pt POR;POR;MFDF;pt Porto;Porto;21-319;21;1.0;3;3.10;2;0;1;0;0;0;2;2.07;1;0;1;0;0;0
Rúben Vinagre\b937e490;Rúben Vinagre;pt POR;POR;DF;pt Sporting CP;Sporting CP;23-005;23;0.7;1;1.41;0;0;0;0;1;0;0;0.00;0;0;0;0;0;0
João Virgínia\728e9b2e;João Virgínia;pt POR;POR;GK;pt Sporting CP;Sporting CP;22-186;22;1.0;0;0.00;0;0;0;0;0;0;0;0.00;0;0;0;0;0;0
Vitão\d4f034db;Vitão;br BRA;BRA;DF;ua Shakhtar;Shakhtar;22-071;22;1.0;0;0.00;0;0;0;0;0;0;0;0.00;0;0;0;0;0;0
Vitinha\3b029691;Vitinha;pt POR;POR;MF;pt Porto;Porto;22-060;22;2.5;2;0.81;1;0;1;0;0;0;0;0.00;0;0;0;0;0;0
Vitinho\06d4b2e4;Vitinho;br BRA;BRA;FWMF;ua Dynamo Kyiv;Dynamo Kyiv;23-013;23;1.1;0;0.00;0;0;0;0;0;0;0;0.00;0;0;0;0;0;0
Odisseas Vlachodimos\03df04ff;Odisseas Vlachodimos;gr GRE;GRE;GK;pt Benfica;Benfica;27-353;27;10.0;0;0.00;0;0;0;0;0;0;0;0.00;0;0;0;0;0;0
Dušan Vlahovi?\79443529;Dušan Vlahovi?;rs SRB;SRB;FW;it Juventus;Juventus;22-076;22;2.0;2;1.00;2;0;0;0;0;0;0;0.00;0;0;0;0;0;0
Ruud Vormer\c24544c7;Ruud Vormer;nl NED;NED;MF;be Club Brugge;Club Brugge;33-338;33;1.8;3;1.70;2;1;0;0;0;0;1;0.57;1;0;0;0;0;0
Aster Vranckx\f86cd5df;Aster Vranckx;be BEL;BEL;MFFW;de Wolfsburg;Wolfsburg;19-192;19;3.7;2;0.54;0;1;0;0;1;0;0;0.00;0;0;0;0;0;0
Stefan de Vrij\d0d8dd44;Stefan de Vrij;nl NED;NED;DF;it Inter;Inter;30-068;30;5.4;5;0.93;4;0;0;1;0;0;0;0.00;0;0;0;0;0;0
Šime Vrsaljko\46a8347f;Šime Vrsaljko;hr CRO;CRO;DF;es Atlético Madrid;Atlético Madrid;30-094;30;3.4;0;0.00;0;0;0;0;0;0;0;0.00;0;0;0;0;0;0
Luca Waldschmidt\e5a35ae9;Luca Waldschmidt;de GER;GER;MFFW;de Wolfsburg;Wolfsburg;25-330;25;1.3;1;0.75;1;0;0;0;0;0;0;0.00;0;0;0;0;0;0
Kyle Walker\86dd77d1;Kyle Walker;eng ENG; ENG;DF;eng Manchester City; Manchester City;31-321;31;5.6;9;1.61;9;0;0;0;0;0;1;0.18;1;0;0;0;0;0
Aaron Wan-Bissaka\9e525177;Aaron Wan-Bissaka;eng ENG; ENG;DFFW;eng Manchester Utd; Manchester Utd;24-139;24;4.7;5;1.07;5;0;0;0;0;0;0;0.00;0;0;0;0;0;0
Timothy Weah\8eec784d;Timothy Weah;us USA;USA;MFFW;fr Lille;Lille;22-051;22;2.8;3;1.06;3;0;0;0;0;0;0;0.00;0;0;0;0;0;0
Wout Weghorst\c4e87b8b;Wout Weghorst;nl NED;NED;FW;de Wolfsburg;Wolfsburg;29-250;29;4.4;7;1.59;6;0;0;1;0;0;1;0.23;0;0;0;1;0;0
Julian Weigl\346d51d9;Julian Weigl;de GER;GER;MF;pt Benfica;Benfica;26-218;26;9.0;13;1.44;10;1;0;0;0;2;2;0.22;2;0;0;0;0;0
Welinton\292f1130;Welinton;br BRA;BRA;DF;tr Beþiktaþ;Beþiktaþ;33-004;33;3.5;0;0.00;0;0;0;0;0;0;0;0.00;0;0;0;0;0;0
Wendel\33b11df6;Wendel;br BRA;BRA;MF;ru Zenit;Zenit;24-229;24;5.3;12;2.25;10;0;1;0;1;0;1;0.19;1;0;0;0;0;0
Wendell\f9acca3a;Wendell;br BRA;BRA;DF;pt Porto;Porto;28-268;28;1.5;1;0.68;1;0;0;0;0;0;0;0.00;0;0;0;0;0;0
Timo Werner\49fe9070;Timo Werner;de GER;GER;FW;eng Chelsea; Chelsea;26-039;26;2.7;8;2.93;6;0;2;0;0;0;4;1.46;2;0;2;0;0;0
Georginio Wijnaldum\eb58eef0;Georginio Wijnaldum;nl NED;NED;MF;fr Paris S-G;Paris S-G;31-154;31;2.9;4;1.37;3;0;1;0;0;0;0;0.00;0;0;0;0;0;0
Neco Williams\dd323728;Neco Williams;wls WAL; WAL;DFFW;eng Liverpool; Liverpool;21-001;21;2.0;9;4.50;7;0;0;0;1;1;0;0.00;0;0;0;0;0;0
Axel Witsel\5dfc6ad5;Axel Witsel;be BEL;BEL;MF;de Dortmund;Dortmund;33-092;33;5.2;7;1.34;6;0;0;0;1;0;0;0.00;0;0;0;0;0;0
Maximilian Wöber\4b803b3c;Maximilian Wöber;at AUT;AUT;DF;at RB Salzburg;RB Salzburg;24-069;24;6.3;5;0.79;3;0;0;2;0;0;1;0.16;0;0;0;1;0;0
Marius Wolf\fa661778;Marius Wolf;de GER;GER;DFFW;de Dortmund;Dortmund;26-322;26;1.9;6;3.14;6;0;0;0;0;0;1;0.52;1;0;0;0;0;0
Max Woltman\0e5b695f;Max Woltman;eng ENG; ENG;FW;eng Liverpool; Liverpool;18-237;18;0.0;0;0.00;0;0;0;0;0;0;0;0.00;0;0;0;0;0;0
Xeka\f3600c02;Xeka;pt POR;POR;MF;fr Lille;Lille;27-155;27;4.8;9;1.86;3;5;0;0;1;0;0;0.00;0;0;0;0;0;0
Momo Yansané\683a8f5f;Momo Yansané;gn GUI;GUI;FW;md Sheriff Tiraspol;Sheriff Tiraspol;24-259;24;1.7;3;1.72;3;0;0;0;0;0;0;0.00;0;0;0;0;0;0
Roman Yaremchuk\cb641b9d;Roman Yaremchuk;ua UKR;UKR;FW;pt Benfica;Benfica;26-138;26;5.7;10;1.76;5;0;2;2;1;0;1;0.18;0;0;1;0;0;0
Jasur Yaxshiboyev\8fb94908;Jasur Yaxshiboyev;uz UZB;UZB;FW;md Sheriff Tiraspol;Sheriff Tiraspol;24-294;24;2.2;3;1.34;1;0;1;1;0;0;1;0.45;1;0;0;0;0;0
Yusuf Yazýcý\f5c8b425;Yusuf Yazýcý;tr TUR;TUR;FWMF;fr Lille;Lille;25-075;25;0.6;6;10.59;1;2;0;1;2;0;0;0.00;0;0;0;0;0;0
Burak Yýlmaz\165a2e40;Burak Yýlmaz;tr TUR;TUR;FW;fr Lille;Lille;36-273;36;5.9;6;1.02;1;0;1;1;3;0;1;0.17;0;0;0;0;1;0
Rýdvan Yýlmaz\94721522;Rýdvan Yýlmaz;tr TUR;TUR;DFMF;tr Beþiktaþ;Beþiktaþ;20-328;20;1.5;1;0.67;1;0;0;0;0;0;0;0.00;0;0;0;0;0;0
Illia Zabarnyi\88968486;Illia Zabarnyi;ua UKR;UKR;DF;ua Dynamo Kyiv;Dynamo Kyiv;19-225;19;6.0;2;0.33;2;0;0;0;0;0;0;0.00;0;0;0;0;0;0
Dan-Axel Zagadou\a4effc55;Dan-Axel Zagadou;fr FRA;FRA;DF;de Dortmund;Dortmund;22-315;22;1.1;2;1.86;2;0;0;0;0;0;0;0.00;0;0;0;0;0;0
Denis Zakaria\384d58d9;Denis Zakaria;ch SUI;SUI;MF;it Juventus;Juventus;25-145;25;0.1;0;0.00;0;0;0;0;0;0;0;0.00;0;0;0;0;0;0
Duván Zapata\d3de9af0;Duván Zapata;co COL;COL;FW;it Atalanta;Atalanta;31-013;31;5.2;16;3.10;8;0;5;2;1;0;5;0.97;3;0;2;0;0;0
Davide Zappacosta\7fe90ccd;Davide Zappacosta;it ITA;ITA;DF;it Atalanta;Atalanta;29-307;29;4.5;6;1.34;5;1;0;0;0;0;1;0.22;1;0;0;0;0;0
Cedric Zesiger\2bab583c;Cedric Zesiger;ch SUI;SUI;DF;ch Young Boys;Young Boys;23-294;23;0.0;0;0.00;0;0;0;0;0;0;0;0.00;0;0;0;0;0;0
Edon Zhegrova\34a88e3e;Edon Zhegrova;xk KVX;KVX;FW;fr Lille;Lille;23-014;23;0.1;0;0.00;0;0;0;0;0;0;0;0.00;0;0;0;0;0;0
Oleksandr Zinchenko\51cf8561;Oleksandr Zinchenko;ua UKR;UKR;DFMF;eng Manchester City; Manchester City;25-120;25;4.0;12;2.97;11;0;0;0;1;0;1;0.25;1;0;0;0;0;0
Hakim Ziyech\6622454d;Hakim Ziyech;ma MAR;MAR;FWMF;eng Chelsea; Chelsea;29-026;29;4.9;21;4.25;13;5;0;2;0;1;3;0.61;2;1;0;0;0;0
