Rk;PlayerN;Player;NationN;Nation;Pos;Squad;90s;Touches;DefPenTch;Def3rdTch;Mid3rdTch;Att3rdTch;AttPenTch;LiveTch;SuccDrib;AttDrib;Succ%Drib;Carries;TotDistCarr;PrgDistCarr;ProgCarr;1/3Carr;CPACarr;Mis;Dis;TargRec;Rec;Rec%;ProgRec
1;Tammy Abraham\f586779e;Tammy Abraham;eng ENG;ENG;FW;Roma;27.2;920;25;73;454;441;166;868;28;58;48.3;504;2146;1111;71;23;20;67;41;1146;630;55.0;190
2;Francesco Acerbi\b96b595c;Francesco Acerbi;it ITA;ITA;DF;Lazio;20.2;1661;227;850;873;49;14;1612;3;4;75.0;1083;5862;3394;73;14;0;6;3;1208;1189;98.4;7
3;Michel Aebischer\f9c927de;Michel Aebischer;ch SUI;SUI;MF;Bologna;0.6;58;4;15;35;11;0;57;0;0;;42;139;79;4;0;0;0;1;46;44;95.7;0
4;Felix Afena-Gyan\0154d290;Felix Afena-Gyan;gh GHA;GHA;FW;Roma;6.0;250;0;15;102;158;41;241;8;21;38.1;194;952;619;24;15;5;31;23;309;177;57.3;52
5;Kevin Agudelo\46fa7204;Kevin Agudelo;co COL;COL;FWMF;Spezia;7.6;341;6;54;181;149;25;335;18;34;52.9;266;1437;881;40;18;5;15;31;290;226;77.9;40
6;Ola Aina\246d153b;Ola Aina;ng NGA;NGA;DF;Torino;11.8;719;39;167;343;262;24;624;14;28;50.0;392;2231;1334;61;24;10;19;14;474;403;85.0;33
7;Marley Aké\414e1f69;Marley Aké;fr FRA;FRA;FW;Juventus;0.1;5;0;1;1;4;0;5;0;0;;4;6;2;0;0;0;0;1;4;4;100.0;1
8;Jean-Daniel Akpa-Akpro\fdf4b948;Jean-Daniel Akpa-Akpro;ci CIV;CIV;MF;Lazio;3.4;157;7;37;91;39;1;157;7;12;58.3;112;401;190;3;2;0;4;5;123;101;82.1;11
9;Luis Alberto\5294a83f;Luis Alberto;es ESP;ESP;MF;Lazio;20.9;1766;13;252;1009;645;29;1614;22;36;61.1;1315;6604;3951;167;78;8;14;23;1514;1388;91.7;78
10;Giorgio Altare\aa5322d5;Giorgio Altare;it ITA;ITA;DF;Cagliari;8.8;515;68;242;233;62;12;477;5;7;71.4;260;1302;611;19;11;0;2;1;258;241;93.4;2
11;Kelvin Amian\bcc81786;Kelvin Amian;fr FRA;FRA;DF;Spezia;21.4;1090;92;451;484;215;26;898;12;18;66.7;572;2786;1451;50;12;4;15;17;660;590;89.4;26
12;Nadiem Amiri\555d5edd;Nadiem Amiri;de GER;GER;MFFW;Genoa;1.9;100;1;9;60;39;2;93;6;11;54.5;73;301;141;10;3;0;7;4;86;65;75.6;11
13;Ethan Ampadu\10b9fa99;Ethan Ampadu;wls WAL;WAL;MFDF;Venezia;18.4;1021;92;420;512;149;11;958;7;11;63.6;537;2916;1421;50;21;4;7;12;591;540;91.4;11
14;Sofyan Amrabat\5a2cb25d;Sofyan Amrabat;ma MAR;MAR;MF;Fiorentina;5.1;350;12;79;248;48;1;337;5;5;100.0;235;1324;503;17;3;1;2;3;237;227;95.8;3
15;Felipe Anderson\9f1893b9;Felipe Anderson;br BRA;BRA;FW;Lazio;24.2;1439;22;165;704;686;105;1368;48;91;52.7;1044;5510;3737;192;64;37;47;46;1303;1066;81.8;121
16;Ebenezer Annan\39aa05a7;Ebenezer Annan;gh GHA;GHA;DF;Bologna;0.3;14;0;5;6;3;0;11;0;0;;6;25;18;0;0;0;0;0;3;3;100.0;0
17;Cristian Ansaldi\bbafc0c4;Cristian Ansaldi;ar ARG;ARG;DF;Torino;5.9;371;20;86;158;158;15;311;4;9;44.4;237;1433;800;43;8;5;10;5;254;224;88.2;12
18;Janis Antiste\38d9ce53;Janis Antiste;fr FRA;FRA;FWMF;Spezia;6.9;234;4;43;99;107;41;222;7;15;46.7;134;520;267;11;2;5;15;16;280;159;56.8;48
19;Mattia Aramu\0847b5a5;Mattia Aramu;it ITA;ITA;MFFW;Venezia;17.6;816;19;93;378;390;30;690;9;23;39.1;507;2510;1302;75;18;5;22;22;713;514;72.1;61
20;Marko Arnautovi?\00459419;Marko Arnautovi?;at AUT;AUT;FW;Bologna;23.3;971;18;65;434;530;141;925;25;42;59.5;630;2777;1056;64;26;13;71;27;1193;756;63.4;201
21;Tolgay Arslan\963a328b;Tolgay Arslan;de GER;GER;MF;Udinese;15.8;683;28;158;379;214;19;658;15;27;55.6;448;2746;1536;77;37;3;16;18;464;404;87.1;21
22;Arthur\a820e429;Arthur;br BRA;BRA;FW;Fiorentina;1.7;48;2;5;28;19;3;45;2;2;100.0;26;98;27;2;2;0;3;2;73;32;43.8;8
23;Kristoffer Askildsen\a69cc629;Kristoffer Askildsen;no NOR;NOR;MF;Sampdoria;8.1;310;37;103;149;71;11;303;4;7;57.1;156;701;376;12;2;0;5;7;194;148;76.3;20
24;Kristjan Asllani\0fdcef0e;Kristjan Asllani;al ALB;ALB;MF;Empoli;7.9;500;36;178;291;76;5;485;4;6;66.7;335;1736;674;19;6;2;2;4;360;337;93.6;8
25;Emil Audero\649b01d8;Emil Audero;it ITA;ITA;GK;Sampdoria;20.5;743;686;740;3;0;0;527;0;0;;362;1770;987;0;0;0;0;0;343;342;99.7;0
26;Tommaso Augello\3cd3b384;Tommaso Augello;it ITA;ITA;DF;Sampdoria;20.8;1228;83;444;530;332;12;1041;17;34;50.0;721;3877;2037;75;31;3;11;17;737;679;92.1;44
27;Ramzi Aya\6a1f66a7;Ramzi Aya;it ITA;ITA;DF;Salernitana;1.5;32;4;14;13;5;0;27;0;0;;16;66;32;1;0;0;0;0;18;15;83.3;0
28;Kaan Ayhan\2200181e;Kaan Ayhan;tr TUR;TUR;DF;Sassuolo;9.5;631;91;331;326;20;3;600;1;1;100.0;415;2549;1714;34;4;0;3;0;433;426;98.4;0
29;Milan Badelj\e8c930bb;Milan Badelj;hr CRO;CRO;MF;Genoa;25.5;1541;58;427;977;230;21;1506;28;45;62.2;898;3571;1651;59;16;1;27;26;976;926;94.9;27
30;Nedim Bajrami\f42d6c13;Nedim Bajrami;al ALB;ALB;MFFW;Empoli;19.1;946;9;82;366;576;89;797;29;54;53.7;646;4006;2308;117;37;22;37;31;853;622;72.9;127
31;Tiemoué Bakayoko\59bf127b;Tiemoué Bakayoko;fr FRA;FRA;MF;Milan;5.4;374;19;87;242;58;4;373;5;10;50.0;228;1081;424;21;5;0;2;3;258;245;95.0;5
32;Keita Baldé\509a4ccb;Keita Baldé;sn SEN;SEN;FWMF;Cagliari;10.3;292;5;18;149;145;35;283;5;10;50.0;192;915;425;29;8;7;23;15;402;212;52.7;66
33;Fodé Ballo-Touré\f449640d;Fodé Ballo-Touré;sn SEN;SEN;DF;Milan;4.9;335;10;76;176;109;16;300;6;10;60.0;210;1368;755;28;9;1;7;7;221;199;90.0;36
34;Filippo Bandinelli\d44360be;Filippo Bandinelli;it ITA;ITA;MF;Empoli;15.8;760;43;160;350;310;41;737;11;28;39.3;500;2718;1667;79;35;10;19;33;578;487;84.3;62
35;Mattia Bani\0821331c;Mattia Bani;it ITA;ITA;DF;Genoa;8.5;377;102;251;124;16;6;354;0;0;;146;817;350;6;1;0;1;0;162;157;96.9;0
36;Antonin Barak\01efac19;Antonin Barak;cz CZE;CZE;MFFW;Hellas Verona;22.6;1273;39;195;698;484;93;1253;22;41;53.7;922;5357;2966;159;60;14;37;42;1234;964;78.1;139
37;Nicolo Barella\6928979a;Nicolo Barella;it ITA;ITA;MF;Inter;24.7;1689;36;330;914;603;71;1667;29;51;56.9;1281;7969;4123;150;64;13;35;30;1417;1293;91.2;114
38;Musa Barrow\e5bf73f3;Musa Barrow;gm GAM;GAM;FWMF;Bologna;17.7;875;5;87;400;456;69;803;23;40;57.5;604;3286;1692;92;36;15;42;39;941;657;69.8;130
39;Daniele Baselli\ea06dd97;Daniele Baselli;it ITA;ITA;MFFW;Torino;1.7;102;5;24;54;30;4;95;1;1;100.0;55;280;132;8;2;0;3;0;75;60;80.0;8
40;Daniele Baselli\ea06dd97;Daniele Baselli;it ITA;ITA;MF;Cagliari;2.4;138;4;29;72;49;2;124;4;8;50.0;87;370;185;11;3;0;7;3;109;85;78.0;9
41;Toma Baši?\80556f08;Toma Baši?;hr CRO;CRO;MF;Lazio;8.2;412;20;88;243;111;15;404;5;8;62.5;277;1531;575;23;14;1;11;4;340;303;89.1;29
42;Alessandro Bastoni\75b86fb3;Alessandro Bastoni;it ITA;ITA;DF;Inter;21.8;1747;234;778;865;214;20;1660;9;15;60.0;1181;5452;3243;94;25;4;11;12;1285;1251;97.4;26
43;Simone Bastoni\1ac232b8;Simone Bastoni;it ITA;ITA;DFMF;Spezia;22.1;1359;63;384;676;405;30;1191;36;57;63.2;843;4696;2645;112;38;6;30;33;878;796;90.7;57
44;Rodrigo Becão\19e4eab9;Rodrigo Becão;br BRA;BRA;DF;Udinese;26.8;1258;172;641;563;115;27;1163;3;6;50.0;711;3359;1993;49;14;2;8;8;770;733;95.2;13
45;Valon Behrami\d3d758d8;Valon Behrami;ch SUI;SUI;MF;Genoa;3.5;96;8;23;52;22;3;92;1;1;100.0;45;201;81;6;0;0;1;2;64;48;75.0;7
46;Vid Belec\4f8ce0e1;Vid Belec;si SVN;SVN;GK;Salernitana;20.0;587;537;587;0;0;0;361;0;0;;213;1236;713;0;0;0;0;0;173;172;99.4;0
47;Raoul Bellanova\e3756e72;Raoul Bellanova;it ITA;ITA;DF;Cagliari;20.1;945;49;266;415;351;38;870;22;44;50.0;629;4028;2194;80;28;4;30;24;721;587;81.4;58
48;Andrea Belotti\d705ba44;Andrea Belotti;it ITA;ITA;FW;Torino;10.1;372;8;14;146;227;65;355;8;11;72.7;223;961;481;24;8;9;38;16;550;294;53.5;110
49;Marco Benassi\0000acda;Marco Benassi;it ITA;ITA;DFMF;Fiorentina;1.8;147;6;43;74;39;4;133;1;1;100.0;97;390;150;7;3;0;1;1;109;101;92.7;3
50;Marco Benassi\0000acda;Marco Benassi;it ITA;ITA;MF;Empoli;2.4;120;4;16;74;43;8;118;0;3;0.0;83;540;346;15;5;0;2;2;113;83;73.5;7
51;Ismaël Bennacer\db092d3b;Ismaël Bennacer;dz ALG;ALG;MF;Milan;14.0;1152;48;273;728;239;15;1102;32;35;91.4;860;4923;2175;94;24;2;19;23;856;793;92.6;24
52;Rodrigo Bentancur\3b8674e6;Rodrigo Bentancur;uy URU;URU;MF;Juventus;12.8;891;32;177;595;176;15;881;4;7;57.1;646;2932;1338;52;20;3;12;20;674;636;94.4;31
53;Domenico Berardi\53a0e358;Domenico Berardi;it ITA;ITA;FW;Sassuolo;26.0;1551;32;170;739;748;115;1451;27;64;42.2;1107;5745;3110;148;47;28;53;35;1360;1114;81.9;187
54;Bartosz Bereszy?ski\61b3978f;Bartosz Bereszy?ski;pl POL;POL;DF;Sampdoria;24.7;1457;104;516;665;363;25;1255;19;35;54.3;871;4284;2197;88;34;6;27;19;909;805;88.6;47
55;Etrit Berisha\ee833569;Etrit Berisha;al ALB;ALB;GK;Torino;3.0;99;83;98;1;0;0;60;0;0;;38;198;110;0;0;0;0;0;29;29;100.0;0
56;Federico Bernardeschi\ee93c1a9;Federico Bernardeschi;it ITA;ITA;FWMF;Juventus;12.3;602;18;95;279;291;43;567;20;42;47.6;457;2776;1325;72;30;17;18;17;527;435;82.5;56
57;Daniel Bessa\88895312;Daniel Bessa;it ITA;ITA;MFFW;Hellas Verona;6.9;491;19;99;277;155;11;468;6;7;85.7;355;2118;1140;58;20;6;4;12;370;337;91.1;34
58;Beto\ed5c0319;Beto;gw GNB;GNB;FW;Udinese;23.3;696;29;58;368;325;103;671;42;81;51.9;430;1727;957;52;21;9;87;57;1048;480;45.8;131
59;Luis Binks\36e88fbc;Luis Binks;eng ENG;ENG;DF;Bologna;6.1;336;57;171;172;13;4;321;3;3;100.0;177;904;356;6;1;0;1;1;190;186;97.9;2
60;Cristiano Biraghi\9e1577aa;Cristiano Biraghi;it ITA;ITA;DF;Fiorentina;26.4;2121;59;702;884;652;39;1705;8;23;34.8;1310;5797;3095;126;50;9;14;5;1455;1374;94.4;60
61;Davide Biraschi\64cd167d;Davide Biraschi;it ITA;ITA;DF;Genoa;10.3;556;77;251;281;48;2;507;13;17;76.5;317;1547;832;24;7;1;5;5;312;299;95.8;5
62;Bjarki Bjarkason\f1d25de7;Bjarki Bjarkason;is ISL;ISL;FW;Venezia;0.0;2;0;1;1;0;0;2;0;0;;2;16;14;1;0;0;0;0;5;2;40.0;0
63;Jeremie Boga\fe012aca;Jeremie Boga;ci CIV;CIV;FWMF;Atalanta;3.7;237;5;29;120;116;19;232;10;16;62.5;199;1382;890;49;18;9;9;10;236;183;77.5;28
64;Jeremie Boga\fe012aca;Jeremie Boga;ci CIV;CIV;FWMF;Sassuolo;7.4;368;1;55;195;171;38;366;24;47;51.1;328;2366;1538;70;24;21;21;10;359;301;83.8;36
65;Luka Bogdan\cb678320;Luka Bogdan;hr CRO;CRO;DF;Salernitana;5.4;173;37;115;55;9;4;162;1;1;100.0;71;254;114;3;1;0;2;1;86;84;97.7;1
66;Emil Bohinen\c83c203f;Emil Bohinen;no NOR;NOR;MF;Salernitana;0.3;20;0;1;10;10;1;20;0;1;0.0;14;81;48;2;1;0;1;0;16;14;87.5;1
67;Giacomo Bonaventura\d995ed27;Giacomo Bonaventura;it ITA;ITA;MF;Fiorentina;21.5;1269;18;214;711;469;65;1230;22;38;57.9;969;5499;3063;154;63;18;27;23;1087;973;89.5;87
68;Federico Bonazzoli\bf57eaab;Federico Bonazzoli;it ITA;ITA;FWMF;Salernitana;15.5;603;5;52;331;267;47;554;17;33;51.5;415;2084;1002;42;24;2;35;22;652;417;64.0;77
69;Kevin Bonifazi\fb77bfef;Kevin Bonifazi;it ITA;ITA;DF;Bologna;10.2;606;76;279;330;48;9;581;11;12;91.7;408;2692;1247;31;10;0;6;5;380;375;98.7;0
70;Leonardo Bonucci\52ec54d0;Leonardo Bonucci;it ITA;ITA;DF;Juventus;16.9;1108;222;623;495;32;18;1045;1;3;33.3;623;2423;1108;11;0;0;1;1;789;771;97.7;0
71;Mehdi Bourabia\0d077b88;Mehdi Bourabia;ma MAR;MAR;MF;Spezia;3.1;159;20;58;88;17;0;143;4;8;50.0;87;324;180;8;2;0;0;5;82;76;92.7;1
72;Edoardo Bove\ae94a6c5;Edoardo Bove;it ITA;ITA;MFFW;Roma;0.6;36;0;8;19;11;3;34;1;1;100.0;23;111;51;2;0;0;2;0;25;21;84.0;1
73;Josip Brekalo\d4a2533d;Josip Brekalo;hr CRO;CRO;MFFW;Torino;18.7;1060;10;85;455;595;54;973;27;48;56.3;759;4234;2080;118;41;17;38;28;993;799;80.5;120
74;Gleison Bremer\5fd5ed86;Gleison Bremer;br BRA;BRA;DF;Torino;26.3;1624;173;792;836;92;50;1603;10;15;66.7;891;4859;1971;41;9;1;12;12;821;790;96.2;8
75;Marcelo Brozovi?\33b8d077;Marcelo Brozovi?;hr CRO;CRO;MF;Inter;24.0;2162;104;668;1287;397;25;2087;14;19;73.7;1581;9025;3649;117;48;2;15;21;1678;1624;96.8;30
76;Aleksander Buksa\59f2d958;Aleksander Buksa;pl POL;POL;FW;Genoa;0.7;19;1;2;12;6;2;18;0;1;0.0;10;36;19;1;1;0;0;1;20;11;55.0;4
77;Alessandro Buongiorno\4ae67f27;Alessandro Buongiorno;it ITA;ITA;DF;Torino;10.0;536;39;200;303;68;13;524;0;2;0.0;294;1462;768;28;9;0;6;3;342;328;95.9;3
78;Gianluca Busio\4a0b7f07;Gianluca Busio;us USA;USA;MF;Venezia;19.2;1048;59;332;588;200;19;997;4;12;33.3;648;3030;1646;46;26;2;19;21;756;666;88.1;29
79;Jovane Cabral\e34e086c;Jovane Cabral;cv CPV;CPV;FW;Lazio;0.7;29;0;3;18;11;6;29;1;3;33.3;22;89;35;1;1;0;3;1;30;23;76.7;7
80;Liberato Cacace\dd86e8e4;Liberato Cacace;nz NZL;NZL;DF;Empoli;1.9;139;5;50;77;27;2;123;5;7;71.4;103;545;377;14;3;1;1;3;91;87;95.6;1
81;Martin Caceres\e94d79e3;Martin Caceres;uy URU;URU;DF;Cagliari;9.2;547;40;191;300;87;9;474;1;2;50.0;288;1480;740;21;6;0;5;1;310;291;93.9;5
82;Felipe Caicedo\93b891d1;Felipe Caicedo;ec ECU;ECU;FW;Genoa;3.2;114;5;8;54;57;19;110;1;5;20.0;62;180;90;5;1;3;6;2;145;84;57.9;25
83;Felipe Caicedo\93b891d1;Felipe Caicedo;ec ECU;ECU;FWMF;Inter;0.1;8;0;0;3;5;1;8;0;0;;4;14;11;0;0;0;1;2;11;7;63.6;3
84;Davide Calabria\2146785a;Davide Calabria;it ITA;ITA;DF;Milan;16.9;1144;38;347;587;283;23;995;8;17;47.1;665;3259;1962;77;29;5;13;6;727;680;93.5;27
85;Riccardo Calafiori\aded8e6f;Riccardo Calafiori;it ITA;ITA;DF;Roma;1.9;96;2;33;39;33;1;82;2;3;66.7;65;369;166;11;3;1;1;1;63;58;92.1;4
86;Riccardo Calafiori\aded8e6f;Riccardo Calafiori;it ITA;ITA;DF;Genoa;0.9;35;6;19;12;8;1;30;0;1;0.0;11;117;59;0;1;0;0;0;11;10;90.9;1
87;Mattia Caldara\ac7e640b;Mattia Caldara;it ITA;ITA;DF;Venezia;23.0;1176;262;748;449;51;14;1141;3;4;75.0;655;3827;1893;31;8;0;4;9;656;638;97.3;4
88;Hakan Calhanoglu\cd0fa27b;Hakan Calhanoglu;tr TUR;TUR;MF;Inter;20.3;1579;18;264;804;611;33;1411;13;25;52.0;1035;4983;2609;127;47;3;22;20;1233;1129;91.6;83
89;José Callejón\78841da9;José Callejón;es ESP;ESP;FW;Fiorentina;13.5;669;5;78;324;311;45;636;8;12;66.7;472;1896;1028;54;27;7;19;12;649;516;79.5;71
90;Andrea Cambiaso\247ed022;Andrea Cambiaso;it ITA;ITA;DF;Genoa;19.5;1125;76;357;526;335;39;973;26;49;53.1;709;4581;2583;136;43;19;20;26;695;610;87.8;46
91;Matteo Cancellieri\b6a1cdf9;Matteo Cancellieri;it ITA;ITA;MFDF;Hellas Verona;2.2;89;1;10;41;47;7;82;5;11;45.5;66;446;241;11;3;1;7;4;95;57;60.0;6
92;Antonio Candreva\356c9002;Antonio Candreva;it ITA;ITA;MFFW;Sampdoria;27.3;1816;47;276;832;849;76;1614;24;53;45.3;1257;7293;3714;189;72;24;34;39;1507;1296;86.0;131
93;Leonardo Capezzi\07ea0ef2;Leonardo Capezzi;it ITA;ITA;MF;Salernitana;1.9;81;8;17;42;25;1;78;2;3;66.7;42;154;80;6;1;0;6;5;59;39;66.1;4
94;Gianluca Caprari\54e53b7e;Gianluca Caprari;it ITA;ITA;FWMF;Hellas Verona;22.7;1342;10;112;605;744;122;1264;49;88;55.7;1066;5411;3081;175;69;37;66;59;1326;1030;77.7;209
95;Francesco Caputo\5bd72174;Francesco Caputo;it ITA;ITA;FW;Sampdoria;24.0;642;12;50;307;308;122;608;11;22;50.0;414;1658;766;47;8;16;43;19;973;502;51.6;181
96;Francesco Caputo\5bd72174;Francesco Caputo;it ITA;ITA;FW;Sassuolo;1.7;48;0;2;26;21;13;45;0;1;0.0;28;142;42;5;0;2;3;2;62;38;61.3;17
97;Andrea Carboni\f7e2af2c;Andrea Carboni;it ITA;ITA;DF;Cagliari;19.9;1087;156;518;541;92;11;1046;7;10;70.0;598;3429;2056;78;16;0;4;8;662;644;97.3;9
98;Nicolò Casale\3f5f38fb;Nicolò Casale;it ITA;ITA;DF;Hellas Verona;21.3;1096;100;476;530;158;18;1039;7;12;58.3;568;3602;2036;61;22;0;6;8;628;589;93.8;9
99;Francesco Cassata\96960855;Francesco Cassata;it ITA;ITA;MF;Genoa;0.1;3;0;1;1;1;0;3;0;0;;3;17;16;0;0;0;0;1;1;1;100.0;0
100;Samu Castillejo\130a7a3f;Samu Castillejo;es ESP;ESP;FWMF;Milan;1.4;87;2;8;33;56;8;83;0;3;0.0;64;390;210;8;5;1;1;2;67;63;94.0;11
101;Gaetano Castrovilli\0728bebe;Gaetano Castrovilli;it ITA;ITA;MF;Fiorentina;12.7;573;11;95;298;236;42;549;14;18;77.8;426;2723;1492;69;30;7;21;24;470;382;81.3;40
102;Danilo Cataldi\ba3d3bea;Danilo Cataldi;it ITA;ITA;MF;Lazio;14.5;1116;44;277;706;178;1;1050;8;12;66.7;726;2801;1041;34;15;0;6;5;845;811;96.0;10
103;Pietro Ceccaroni\4d1efb48;Pietro Ceccaroni;it ITA;ITA;DF;Venezia;25.7;1554;418;1069;501;76;21;1485;9;15;60.0;894;5554;3125;42;8;0;4;6;1000;983;98.3;2
104;Federico Ceccherini\d9624b51;Federico Ceccherini;it ITA;ITA;DF;Hellas Verona;19.6;1143;93;486;579;150;25;1100;7;14;50.0;687;3297;1695;58;21;0;13;19;712;672;94.4;24
105;Emil Ceide\98a84572;Emil Ceide;no NOR;NOR;FW;Sassuolo;0.2;21;0;1;13;8;3;20;0;2;0.0;15;94;60;4;0;1;3;1;24;14;58.3;2
106;Luca Ceppitelli\7d50454d;Luca Ceppitelli;it ITA;ITA;DF;Cagliari;12.6;767;113;394;386;34;7;744;2;2;100.0;432;1888;966;25;3;0;4;4;484;477;98.6;3
107;Damir Ceter\eade5337;Damir Ceter;co COL;COL;FW;Cagliari;0.1;2;0;0;2;0;0;2;0;0;;2;38;24;0;0;0;0;0;4;2;50.0;0
108;Julian Chabot\ae7058f9;Julian Chabot;de GER;GER;DF;Sampdoria;5.4;318;50;168;162;9;4;300;1;1;100.0;182;910;524;9;1;0;0;3;173;172;99.4;1
109;Giorgio Chiellini\e85fb9b8;Giorgio Chiellini;it ITA;ITA;DF;Juventus;11.0;809;111;393;418;46;5;786;1;1;100.0;469;2656;1535;44;13;0;5;0;571;561;98.2;0
110;Federico Chiesa\b0f7e36c;Federico Chiesa;it ITA;ITA;MFFW;Juventus;9.6;434;8;80;184;216;50;402;21;33;63.6;305;1929;1312;49;19;11;17;27;390;276;70.8;50
111;Vlad Chiriche?\c316607a;Vlad Chiriche?;ro ROU;ROU;DF;Sassuolo;21.1;1309;209;715;648;29;6;1263;4;7;57.1;842;3535;1834;33;8;0;8;8;895;877;98.0;0
112;Riccardo Ciervo\da77b60b;Riccardo Ciervo;it ITA;ITA;MFDF;Sampdoria;2.5;95;2;19;40;46;8;90;2;3;66.7;65;571;327;18;5;2;2;3;82;59;72.0;12
113;Moustapha Cissé\ee3c4b3f;Moustapha Cissé;gn GUI;GUI;FW;Atalanta;0.3;13;0;0;5;8;1;13;0;0;;7;33;18;1;0;0;3;1;14;12;85.7;5
114;Giorgio Cittadini\e4ba67f2;Giorgio Cittadini;it ITA;ITA;DF;Atalanta;0.0;3;1;2;0;1;0;3;0;0;;0;0;0;0;0;0;0;0;0;0;;0
115;Ebrima Colley\bf356094;Ebrima Colley;gm GAM;GAM;FWMF;Spezia;4.4;201;4;36;103;85;9;195;10;21;47.6;150;998;576;28;11;4;13;8;188;142;75.5;17
116;Omar Colley\8b95acda;Omar Colley;gm GAM;GAM;DF;Sampdoria;23.5;1361;283;832;550;40;16;1294;3;4;75.0;712;3824;1989;41;5;0;5;1;763;736;96.5;3
117;Andrea Consigli\8cabdc1e;Andrea Consigli;it ITA;ITA;GK;Sassuolo;29.0;1233;1043;1232;9;0;0;928;0;0;;639;3269;2219;0;0;0;0;0;652;652;100.0;0
118;Andrea Conti\8fef5412;Andrea Conti;it ITA;ITA;DF;Milan;0.1;7;0;4;2;1;0;6;0;0;;4;3;0;0;0;0;0;1;3;3;100.0;0
119;Andrea Conti\8fef5412;Andrea Conti;it ITA;ITA;DFMF;Sampdoria;2.5;110;13;34;47;33;6;99;2;5;40.0;60;179;81;3;3;0;3;0;82;63;76.8;3
120;Diego Coppola\22ae86f9;Diego Coppola;it ITA;ITA;DF;Hellas Verona;1.8;80;11;39;41;8;3;80;0;0;;44;354;157;2;1;1;0;0;45;44;97.8;0
121;Joaquín Correa\45b9b619;Joaquín Correa;ar ARG;ARG;FW;Inter;6.6;275;2;10;104;182;52;270;7;17;41.2;219;1332;853;48;13;14;17;10;287;215;74.9;55
122;Lassana Coulibaly\85a44ecc;Lassana Coulibaly;ml MLI;MLI;MF;Salernitana;19.0;823;48;219;502;178;10;807;26;42;61.9;566;3869;1878;83;26;1;16;15;539;471;87.4;19
123;Mamadou Coulibaly\c976160c;Mamadou Coulibaly;sn SEN;SEN;MFFW;Salernitana;8.3;404;17;105;215;123;13;401;14;17;82.4;272;1715;832;35;17;3;10;16;286;223;78.0;25
124;Alessio Cragno\f554e29b;Alessio Cragno;it ITA;ITA;GK;Cagliari;27.0;1023;899;1019;6;0;0;685;0;0;;452;2423;1502;0;0;0;1;0;419;417;99.5;0
125;Domenico Criscito\35dd6d80;Domenico Criscito;it ITA;ITA;DF;Genoa;14.4;961;104;407;454;162;12;854;5;7;71.4;545;3008;1720;56;23;1;7;6;536;523;97.6;3
126;Bryan Cristante\16657b95;Bryan Cristante;it ITA;ITA;MF;Roma;24.1;1678;78;420;1110;244;32;1626;12;17;70.6;1032;5390;2512;105;26;0;6;24;1200;1148;95.7;19
127;Domen ?rnigoj\22cd43d2;Domen ?rnigoj;si SVN;SVN;MFDF;Venezia;15.2;695;47;199;342;201;27;673;5;14;35.7;396;2075;985;42;16;7;19;21;506;416;82.2;37
128;Giovanni Crociata\8c964914;Giovanni Crociata;it ITA;ITA;FW;Empoli;0.2;11;0;0;4;8;1;11;0;1;0.0;9;83;38;2;0;0;0;0;10;9;90.0;0
129;Juan Cuadrado\0ab1f153;Juan Cuadrado;co COL;COL;DFMF;Juventus;23.1;1867;64;476;949;576;65;1689;34;56;60.7;1294;6088;3774;166;46;24;30;25;1441;1323;91.8;79
130;Mickaël Cuisance\5722eced;Mickaël Cuisance;fr FRA;FRA;MF;Venezia;5.8;269;2;69;149;67;3;255;7;10;70.0;171;750;292;13;4;0;2;16;177;158;89.3;11
131;Patrick Cutrone\a4fe8cda;Patrick Cutrone;it ITA;ITA;FW;Empoli;12.8;358;6;20;128;230;84;337;9;23;39.1;250;1436;612;40;5;11;32;12;509;265;52.1;114
132;Danilo D'Ambrosio\44eb9093;Danilo D'Ambrosio;it ITA;ITA;DF;Inter;7.8;624;79;307;287;61;15;607;3;3;100.0;455;1960;1011;23;5;1;7;3;486;465;95.7;11
133;Mikkel Damsgaard\215f3907;Mikkel Damsgaard;dk DEN;DEN;MFFW;Sampdoria;5.7;314;10;55;147;137;19;309;14;19;73.7;230;1059;556;27;11;3;6;14;258;210;81.4;42
134;Danilo\94b2001f;Danilo;br BRA;BRA;DFMF;Juventus;16.0;1223;88;451;683;142;8;1097;3;8;37.5;765;2691;1470;52;14;2;5;5;831;814;98.0;11
135;Ebrima Darboe\cf043a33;Ebrima Darboe;gm GAM;GAM;MF;Roma;0.7;47;1;8;35;5;1;44;0;0;;35;167;41;1;0;1;2;0;34;34;100.0;3
136;Matteo Darmian\96e0490d;Matteo Darmian;it ITA;ITA;DF;Inter;14.3;697;29;205;291;231;21;595;2;6;33.3;393;1589;884;40;13;4;13;8;481;429;89.2;50
137;Pawe? Dawidowicz\16bb656a;Pawe? Dawidowicz;pl POL;POL;DF;Hellas Verona;13.2;747;87;310;380;103;16;729;4;5;80.0;454;2556;1430;46;17;2;5;2;467;449;96.1;7
138;Sebastien De Maio\952a03fe;Sebastien De Maio;fr FRA;FRA;DF;Udinese;2.0;96;13;68;35;0;0;93;0;0;;43;223;58;1;0;0;1;1;43;42;97.7;1
139;Tommaso De Nipoti\7f9d956a;Tommaso De Nipoti;it ITA;ITA;MF;Atalanta;0.1;2;0;0;2;0;0;2;0;0;;0;0;0;0;0;0;0;0;5;1;20.0;0
140;Mattia De Sciglio\ae4e2852;Mattia De Sciglio;it ITA;ITA;DF;Juventus;9.8;607;29;194;309;146;13;527;7;13;53.8;354;1775;1001;43;14;4;5;5;377;353;93.6;16
141;Lorenzo De Silvestri\e74f0e59;Lorenzo De Silvestri;it ITA;ITA;DF;Bologna;20.3;1284;75;405;650;298;36;1099;7;19;36.8;671;3469;1817;60;24;2;21;14;914;799;87.4;38
142;Grégoire Defrel\854ee61a;Grégoire Defrel;mq MTQ;MTQ;FW;Sassuolo;12.0;450;11;51;211;224;45;427;9;18;50.0;320;1838;846;40;16;11;30;21;509;322;63.3;98
143;Alessandro Deiola\7f267d66;Alessandro Deiola;it ITA;ITA;MF;Cagliari;18.5;789;63;245;416;156;17;781;6;10;60.0;454;1916;739;35;9;2;18;11;551;467;84.8;37
144;Filippo Delli Carri\d2e8fd9b;Filippo Delli Carri;it ITA;ITA;DF;Salernitana;4.7;171;28;89;59;29;7;149;1;2;50.0;83;337;187;8;3;0;4;1;87;80;92.0;4
145;Merih Demiral\e3cceee6;Merih Demiral;tr TUR;TUR;DF;Atalanta;17.9;874;116;466;393;50;29;830;0;2;0.0;417;2575;791;12;1;0;2;4;460;440;95.7;8
146;Diego Demme\dc3fa3b5;Diego Demme;de GER;GER;MF;Napoli;6.2;531;15;139;324;104;2;527;3;4;75.0;372;1574;768;31;8;2;3;8;431;419;97.2;2
147;Fabio Depaoli\d97f2e8d;Fabio Depaoli;it ITA;ITA;MFDF;Sampdoria;1.2;49;2;13;22;18;2;47;2;3;66.7;30;112;55;3;1;0;2;2;40;29;72.5;3
148;Fabio Depaoli\d97f2e8d;Fabio Depaoli;it ITA;ITA;DF;Hellas Verona;4.6;229;14;46;97;100;7;190;5;9;55.6;125;477;238;15;7;0;5;5;141;120;85.1;6
149;Mattia Destro\d7d32194;Mattia Destro;it ITA;ITA;FW;Genoa;15.8;505;12;48;276;200;62;467;9;23;39.1;229;726;388;25;8;8;54;23;694;347;50.0;81
150;Gerard Deulofeu\39583cfd;Gerard Deulofeu;es ESP;ESP;FWMF;Udinese;21.9;1060;12;83;396;669;142;908;38;91;41.8;774;4480;3012;166;55;48;48;53;1028;718;69.8;126
151;Jacopo Dezi\e921b9db;Jacopo Dezi;it ITA;ITA;MF;Venezia;0.2;30;0;3;18;12;1;28;1;2;50.0;23;141;69;4;0;1;0;0;22;20;90.9;1
152;Samuel Di Carmine\ef94dc2f;Samuel Di Carmine;it ITA;ITA;FW;Hellas Verona;0.4;10;0;1;7;4;1;9;1;1;100.0;8;36;16;1;1;0;2;0;13;7;53.8;1
153;Federico Di Francesco\1fca9171;Federico Di Francesco;it ITA;ITA;FWMF;Empoli;12.6;497;13;54;198;279;78;484;8;29;27.6;354;1848;937;51;14;14;26;25;537;355;66.1;111
154;Giovanni Di Lorenzo\230a2fac;Giovanni Di Lorenzo;it ITA;ITA;DF;Napoli;29.0;2424;111;700;1225;669;79;2119;20;41;48.8;1635;7988;4262;192;77;13;21;24;1767;1681;95.1;94
155;Francesco Di Mariano\35a2557c;Francesco Di Mariano;it ITA;ITA;FW;Venezia;0.7;20;1;2;10;13;2;20;0;2;0.0;17;139;55;4;1;1;0;1;22;17;77.3;4
156;Francesco Di Tacchio\b5c3ff9f;Francesco Di Tacchio;it ITA;ITA;MF;Salernitana;13.9;673;47;180;432;92;8;636;5;10;50.0;395;1642;750;24;7;0;7;10;401;375;93.5;7
157;Amadou Diawara\bf309d24;Amadou Diawara;gn GUI;GUI;MF;Roma;1.9;79;2;25;47;10;0;76;1;1;100.0;43;149;44;1;1;0;0;0;51;48;94.1;0
158;Brahim Díaz\407feb71;Brahim Díaz;es ESP;ESP;MF;Milan;17.4;863;8;52;508;382;56;838;33;66;50.0;706;3683;1900;103;40;8;41;49;857;669;78.1;125
159;Mitchell Dijks\0a3065c8;Mitchell Dijks;nl NED;NED;DF;Bologna;3.6;179;11;74;75;46;7;151;7;14;50.0;108;626;358;12;2;2;7;1;123;100;81.3;2
160;Federico Dimarco\970b8574;Federico Dimarco;it ITA;ITA;DF;Inter;11.8;1007;52;283;452;366;37;867;5;11;45.5;667;3464;2192;81;36;4;9;9;729;687;94.2;58
161;Filippo Distefano\2110f96c;Filippo Distefano;it ITA;ITA;FW;Fiorentina;0.0;3;0;2;0;1;0;3;0;0;;2;0;0;0;0;0;0;1;3;2;66.7;0
162;Koffi Djidji\933d3b51;Koffi Djidji;ci CIV;CIV;DF;Torino;17.4;959;60;381;513;126;9;919;9;12;75.0;540;2609;1246;45;16;2;8;5;560;542;96.8;7
163;Berat Djimsiti\6eee05f1;Berat Djimsiti;al ALB;ALB;DF;Atalanta;19.0;1283;101;540;668;149;13;1213;4;7;57.1;739;3573;1691;61;14;1;4;2;830;800;96.4;12
164;Nicolas Domínguez\20b3a502;Nicolas Domínguez;ar ARG;ARG;MF;Bologna;18.9;1240;58;324;778;207;20;1195;11;18;61.1;726;3538;1647;69;26;2;18;14;853;787;92.3;27
165;Bart?omiej Dr?gowski\085e71a7;Bart?omiej Dr?gowski;pl POL;POL;GK;Fiorentina;6.2;368;278;367;4;0;0;321;0;0;;247;1153;608;0;0;0;0;0;254;254;100.0;0
166;Radu Dr?gu?in\620922ed;Radu Dr?gu?in;ro ROU;ROU;DF;Sampdoria;6.9;324;42;149;140;48;2;277;0;0;;145;949;459;16;5;0;3;3;141;130;92.2;4
167;Radu Dr?gu?in\620922ed;Radu Dr?gu?in;ro ROU;ROU;DF;Salernitana;5.0;194;35;113;87;7;2;179;0;0;;98;637;224;3;1;1;1;0;96;94;97.9;1
168;Denzel Dumfries\481c9ece;Denzel Dumfries;nl NED;NED;DF;Inter;16.0;786;34;173;291;374;95;693;11;20;55.0;475;2551;1382;57;16;15;23;19;605;493;81.5;93
169;Alfred Duncan\528492ea;Alfred Duncan;gh GHA;GHA;MF;Fiorentina;14.5;696;13;128;387;221;30;682;10;14;71.4;472;2307;1353;56;19;10;9;23;574;503;87.6;55
170;Paulo Dybala\e0921a4f;Paulo Dybala;ar ARG;ARG;FWMF;Juventus;16.7;1117;6;117;572;497;74;1031;27;48;56.3;800;3678;1642;97;21;15;45;28;1026;849;82.7;137
171;Edin D?eko\3bb7f478;Edin D?eko;ba BIH;BIH;FW;Inter;22.0;941;35;87;458;451;157;918;16;33;48.5;575;2885;1432;84;33;17;47;34;1084;737;68.0;215
172;Tyronne Ebuehi\6af30900;Tyronne Ebuehi;ng NGA;NGA;DF;Venezia;10.9;568;43;243;226;140;20;476;10;15;66.7;323;1808;946;35;17;4;9;7;356;303;85.1;14
173;Éderson\a9202def;Éderson;br BRA;BRA;MF;Salernitana;4.1;240;11;62;142;54;5;238;5;10;50.0;170;899;453;17;8;0;5;7;172;158;91.9;13
174;Albin Ekdal\f503ea63;Albin Ekdal;se SWE;SWE;MF;Sampdoria;16.6;840;51;271;486;133;20;805;14;18;77.8;489;2269;1041;32;12;1;8;13;509;476;93.5;19
175;Caleb Ekuban\7afbd2c3;Caleb Ekuban;gh GHA;GHA;FWMF;Genoa;15.6;569;18;65;305;235;65;554;22;42;52.4;371;1763;888;44;18;12;51;36;637;385;60.4;113
176;Elif Elmas\cf007308;Elif Elmas;mk MKD;MKD;FWMF;Napoli;15.9;878;22;109;447;400;53;850;20;27;74.1;656;3984;2311;119;44;19;17;28;855;707;82.7;69
177;Martin Erlic\0fee6bda;Martin Erlic;hr CRO;CRO;DF;Spezia;22.2;1087;245;716;384;33;25;1048;2;2;100.0;546;2885;1110;14;2;0;8;2;615;600;97.6;2
178;Gonzalo Escalante\3f79a1c8;Gonzalo Escalante;ar ARG;ARG;MF;Lazio;0.1;10;2;6;3;1;0;9;0;0;;4;6;0;0;0;0;0;1;4;4;100.0;0
179;Diego Falcinelli\a39b9ef6;Diego Falcinelli;it ITA;ITA;FWMF;Bologna;0.7;45;2;6;19;24;11;45;1;3;33.3;32;122;90;3;0;0;5;5;46;33;71.7;9
180;Wladimiro Falcone\9f5a610b;Wladimiro Falcone;it ITA;ITA;GK;Sampdoria;9.5;393;373;392;1;0;0;297;0;0;;176;684;381;0;0;0;0;0;188;187;99.5;0
181;Paolo Faragò\9085dd7c;Paolo Faragò;it ITA;ITA;MF;Cagliari;0.2;16;0;6;5;7;4;16;1;1;100.0;9;48;40;1;1;0;0;1;12;8;66.7;1
182;Davide Faraoni\aae9d04a;Davide Faraoni;it ITA;ITA;DF;Hellas Verona;22.7;1374;77;367;611;446;46;1139;14;30;46.7;716;2248;1237;55;20;7;32;22;848;734;86.6;39
183;Mohamed Fares\b7a5bc86;Mohamed Fares;dz ALG;ALG;DFFW;Genoa;6.5;344;11;96;147;122;15;295;7;16;43.8;196;932;512;25;8;0;8;9;235;195;83.0;14
184;Diego Farias\157d29b6;Diego Farias;br BRA;BRA;MFFW;Cagliari;0.7;38;0;3;14;22;2;37;2;2;100.0;29;171;66;4;0;1;1;0;32;29;90.6;3
185;Andrea Favilli\44510fde;Andrea Favilli;it ITA;ITA;FW;Genoa;0.4;13;2;3;6;5;3;11;0;1;0.0;9;26;4;0;0;0;1;2;16;8;50.0;5
186;Federico Fazio\4e358a2d;Federico Fazio;ar ARG;ARG;DF;Salernitana;7.0;384;65;188;197;29;7;371;3;3;100.0;196;1417;912;24;8;0;3;3;210;204;97.1;4
187;Luiz Felipe\15d0c248;Luiz Felipe;it ITA;ITA;DF;Lazio;26.5;2010;320;1099;996;44;8;1947;3;4;75.0;1303;6765;3450;61;9;0;3;7;1498;1482;98.9;2
188;Alex Ferrari\d0dbca9f;Alex Ferrari;it ITA;ITA;DF;Sampdoria;10.8;629;90;355;274;27;1;580;2;8;25.0;347;1788;743;16;2;0;2;1;350;341;97.4;4
189;Salvador Ferrer\eb76987d;Salvador Ferrer;es ESP;ESP;DFMF;Spezia;13.3;738;54;247;366;174;8;659;4;7;57.1;413;2066;1104;42;19;3;10;10;471;422;89.6;20
190;Riccardo Fiamozzi\9f9b9269;Riccardo Fiamozzi;it ITA;ITA;DF;Empoli;6.0;400;17;118;213;94;3;327;2;8;25.0;222;1131;588;26;11;0;5;4;239;221;92.5;8
191;Luca Fiordilino\9bb1ad91;Luca Fiordilino;it ITA;ITA;MF;Venezia;5.1;261;17;94;130;48;11;256;1;3;33.3;176;732;311;8;2;2;4;6;178;163;91.6;11
192;Vincenzo Fiorillo\a2565f79;Vincenzo Fiorillo;it ITA;ITA;GK;Salernitana;2.0;34;33;34;0;0;0;22;0;0;;14;42;21;0;0;0;0;0;15;15;100.0;0
193;Alessandro Florenzi\e288d4b3;Alessandro Florenzi;it ITA;ITA;DFFW;Milan;12.3;889;31;249;475;224;18;771;7;11;63.6;542;2647;1532;68;23;4;6;3;607;559;92.1;27
194;Fernando Forestieri\d60c26fc;Fernando Forestieri;it ITA;ITA;FWMF;Udinese;0.6;35;1;5;14;19;5;31;1;1;100.0;21;112;73;4;2;0;1;0;25;20;80.0;4
195;Francesco Forte\69e11a01;Francesco Forte;it ITA;ITA;FW;Venezia;4.7;125;3;11;70;50;18;118;2;3;66.7;63;245;119;8;2;2;7;5;183;80;43.7;22
196;Davide Frattesi\2a7d27c1;Davide Frattesi;it ITA;ITA;MF;Sassuolo;25.8;1337;82;339;746;361;79;1312;27;46;58.7;882;4788;2821;118;46;12;39;26;1070;956;89.3;83
197;Morten Frendrup\f4d60499;Morten Frendrup;dk DEN;DEN;DFMF;Genoa;2.0;118;4;35;61;24;3;96;1;1;100.0;46;236;101;6;0;2;4;0;39;35;89.7;3
198;Remo Freuler\98d2c2c4;Remo Freuler;ch SUI;SUI;MF;Atalanta;20.4;1563;44;285;932;455;32;1510;18;32;56.3;1081;5621;2718;121;46;4;19;19;1157;1094;94.6;42
199;Matteo Gabbia\c235e803;Matteo Gabbia;it ITA;ITA;DF;Milan;5.1;372;43;202;177;6;3;359;0;0;;272;1138;550;8;1;0;0;1;288;284;98.6;0
200;Manolo Gabbiadini\8f866fe8;Manolo Gabbiadini;it ITA;ITA;FWMF;Sampdoria;12.7;488;12;60;242;206;42;461;6;12;50.0;308;1522;713;38;10;5;26;14;530;351;66.2;58
201;Gianluca Gaetano\3b387cc7;Gianluca Gaetano;it ITA;ITA;MF;Napoli;0.2;16;0;6;7;4;0;16;0;0;;9;69;12;0;0;0;1;0;12;8;66.7;1
202;Luca Gagliano\1d00a56c;Luca Gagliano;it ITA;ITA;MFDF;Cagliari;0.1;9;0;0;4;5;1;9;0;0;;6;20;7;0;0;0;0;0;7;5;71.4;0
203;Roberto Gagliardini\ce30bfc8;Roberto Gagliardini;it ITA;ITA;MF;Inter;5.4;323;9;55;174;116;17;318;3;7;42.9;221;1146;560;29;6;3;2;8;262;239;91.2;19
204;Riccardo Gagliolo\173061c0;Riccardo Gagliolo;se SWE;SWE;DF;Salernitana;12.3;628;98;317;274;71;12;591;3;6;50.0;304;1655;850;26;8;0;0;4;322;312;96.9;7
205;Nicolas Galazzi\a796492f;Nicolas Galazzi;it ITA;ITA;DF;Venezia;0.2;12;1;2;2;9;1;10;0;0;;7;39;22;1;1;0;1;1;11;7;63.6;2
206;Pablo Galdames Millán\dd403465;Pablo Galdames Millán;cl CHI;CHI;MF;Genoa;5.3;247;14;52;152;55;6;236;3;6;50.0;157;528;167;8;6;1;1;9;195;157;80.5;13
207;Luca Gemello\53e494ec;Luca Gemello;it ITA;ITA;GK;Torino;1.0;37;30;37;0;0;0;32;0;0;;22;111;75;0;0;0;0;0;21;21;100.0;0
208;Paolo Ghiglione\71dc23da;Paolo Ghiglione;it ITA;ITA;DF;Genoa;6.7;445;31;136;204;126;8;365;5;12;41.7;228;988;584;28;15;1;13;6;264;233;88.3;10
209;Faouzi Ghoulam\c5adc293;Faouzi Ghoulam;dz ALG;ALG;DF;Napoli;2.3;195;10;53;86;69;2;174;0;0;;123;664;348;13;5;1;0;0;141;134;95.0;3
210;Sebastian Giovinco\2b7c18ae;Sebastian Giovinco;it ITA;ITA;MF;Sampdoria;0.4;14;0;0;4;10;2;13;0;1;0.0;12;51;16;0;0;0;1;1;13;9;69.2;3
211;Olivier Giroud\16ceb862;Olivier Giroud;fr FRA;FRA;FW;Milan;15.1;504;21;38;209;264;81;487;3;5;60.0;228;503;190;9;4;2;41;13;645;382;59.2;83
212;Diego Godín\fc4f85b1;Diego Godín;uy URU;URU;DF;Cagliari;9.1;541;103;329;215;24;15;525;9;10;90.0;309;1495;722;20;2;1;2;1;338;333;98.5;2
213;Edoardo Goldaniga\4b029b31;Edoardo Goldaniga;it ITA;ITA;DF;Cagliari;8.8;500;55;231;230;60;8;436;2;3;66.7;243;1041;481;10;3;1;5;2;260;243;93.5;1
214;Edoardo Goldaniga\4b029b31;Edoardo Goldaniga;it ITA;ITA;MFDF;Sassuolo;0.0;2;1;1;1;0;0;2;0;0;;0;0;0;0;0;0;0;0;1;1;100.0;0
215;Cedric Gondo\ff37d2ef;Cedric Gondo;ci CIV;CIV;FW;Salernitana;7.8;301;9;32;123;168;57;287;9;19;47.4;222;1043;524;30;8;6;39;20;420;220;52.4;86
216;Nicolas Gonzalez\2374aaca;Nicolas Gonzalez;ar ARG;ARG;FW;Fiorentina;17.6;890;7;83;431;466;92;868;46;89;51.7;649;3633;2112;96;39;17;51;39;910;700;76.9;128
217;Robin Gosens\2d970560;Robin Gosens;de GER;GER;DF;Inter;0.9;67;2;15;30;23;6;63;0;0;;41;98;51;4;0;0;2;0;55;50;90.9;8
218;Robin Gosens\2d970560;Robin Gosens;de GER;GER;DF;Atalanta;5.1;310;10;61;147;110;21;272;1;3;33.3;176;524;347;14;4;2;4;5;233;203;87.1;18
219;Alberto Grassi\6cc97b6a;Alberto Grassi;it ITA;ITA;MF;Cagliari;17.7;939;63;274;582;145;23;912;11;18;61.1;575;3099;1195;37;18;0;17;17;582;529;90.9;17
220;Koray Günter\f1f1f238;Koray Günter;de GER;GER;DF;Hellas Verona;22.2;1270;222;698;620;34;13;1216;1;2;50.0;596;4242;2200;46;4;1;4;5;622;600;96.5;3
221;Albert Gu?mundsson\b79858d5;Albert Gu?mundsson;is ISL;ISL;FWMF;Genoa;3.1;149;8;20;62;75;16;139;3;6;50.0;91;400;196;12;4;5;11;8;124;94;75.8;19
222;Emmanuel Gyasi\f9758dae;Emmanuel Gyasi;gh GHA;GHA;FWMF;Spezia;26.9;1094;61;243;512;421;77;1065;29;50;58.0;826;4073;1688;83;30;14;57;50;1024;753;73.5;101
223;Norbert Gyömbér\0be276c6;Norbert Gyömbér;sk SVK;SVK;DF;Salernitana;19.8;898;169;509;371;61;9;816;1;1;100.0;432;2592;998;20;2;0;5;1;478;465;97.3;2
224;Nicolas Haas\fa449bba;Nicolas Haas;ch SUI;SUI;MF;Empoli;11.1;601;26;143;298;186;18;592;2;5;40.0;389;1820;805;35;14;3;15;14;487;393;80.7;39
225;Samir Handanovi?\74419746;Samir Handanovi?;si SVN;SVN;GK;Inter;29.0;1030;983;1028;2;1;1;887;0;0;;626;2626;1729;0;0;0;1;0;692;688;99.4;0
226;Ridgeciano Haps\c8d7131c;Ridgeciano Haps;sr SUR;SUR;DF;Venezia;15.7;791;63;317;342;179;13;678;12;13;92.3;432;2490;1523;65;24;3;19;4;456;405;88.8;25
227;Abdou Harroui\65fd099c;Abdou Harroui;nl NED;NED;MF;Sassuolo;4.8;351;9;70;204;99;14;347;1;6;16.7;249;1288;524;30;11;3;8;8;284;249;87.7;17
228;Hans Hateboer\3b333ac3;Hans Hateboer;nl NED;NED;DF;Atalanta;9.4;620;25;113;276;276;31;547;7;10;70.0;414;2242;1321;60;20;8;8;4;505;444;87.9;44
229;Silvan Hefti\f8342731;Silvan Hefti;ch SUI;SUI;DF;Genoa;8.7;450;27;141;205;129;8;357;10;21;47.6;196;1182;721;32;7;2;4;12;182;156;85.7;15
230;Liam Henderson\d7918b13;Liam Henderson;sct SCO; SCO;MF;Empoli;18.9;877;22;121;372;444;67;811;3;9;33.3;541;2773;1249;68;23;5;17;18;756;586;77.5;115
231;Dalbert Henrique\f45f9427;Dalbert Henrique;br BRA;BRA;DFMF;Cagliari;17.5;821;45;209;382;270;25;687;9;18;50.0;422;1983;1147;61;17;2;24;23;539;412;76.4;53
232;Matheus Henrique\a2d9f138;Matheus Henrique;br BRA;BRA;MF;Sassuolo;6.6;389;16;79;239;103;4;384;10;15;66.7;305;1555;760;42;13;3;3;8;329;304;92.4;7
233;Thomas Henry\9ef42479;Thomas Henry;fr FRA;FRA;FW;Venezia;17.7;590;29;55;335;225;70;572;10;24;41.7;331;1311;537;32;7;6;52;44;844;449;53.2;83
234;Theo Hernandez\d4c9725f;Theo Hernandez;fr FRA;FRA;DF;Milan;22.1;1538;57;443;806;450;48;1321;35;55;63.6;1048;6597;4364;144;58;15;27;23;1098;1005;91.5;60
235;Hernani\6f5ead86;Hernani;br BRA;BRA;MFFW;Genoa;6.4;280;13;55;165;79;10;266;4;8;50.0;150;751;344;18;7;1;10;14;242;172;71.1;18
236;Daan Heymans\6d70c771;Daan Heymans;be BEL;BEL;MFFW;Venezia;2.8;131;9;32;64;37;6;128;2;3;66.7;69;292;122;5;0;0;7;0;106;85;80.2;11
237;Aaron Hickey\1780bb4a;Aaron Hickey;sct SCO; SCO;DF;Bologna;23.7;1225;72;393;537;371;23;1032;25;43;58.1;780;3991;2129;94;27;9;20;18;837;715;85.4;57
238;Martin Hongla\b85bf253;Martin Hongla;cm CMR;CMR;MF;Hellas Verona;4.7;248;18;55;148;55;1;244;0;2;0.0;160;780;284;18;6;0;4;7;178;158;88.8;4
239;Sydney van Hooijdonk\5b418e15;Sydney van Hooijdonk;nl NED;NED;FWMF;Bologna;0.4;23;0;2;11;14;1;23;1;1;100.0;15;62;1;0;0;0;3;1;29;20;69.0;3
240;Petko Hristov\d8800a46;Petko Hristov;bg BUL;BUL;DF;Spezia;11.4;649;118;386;286;11;3;617;1;1;100.0;362;1680;756;19;3;0;2;3;377;373;98.9;0
241;Elseid Hysaj\2f3452eb;Elseid Hysaj;al ALB;ALB;DF;Lazio;22.2;1570;65;499;848;310;23;1419;14;31;45.2;1075;4385;1906;72;26;3;12;11;1132;1077;95.1;32
242;Roger Ibanez\82efe6fa;Roger Ibanez;br BRA;BRA;DF;Roma;24.1;1713;194;875;865;107;36;1634;10;15;66.7;1133;7038;4025;108;19;2;11;8;1164;1145;98.4;7
243;Zlatan Ibrahimovi?\4cde5509;Zlatan Ibrahimovi?;se SWE;SWE;FW;Milan;10.2;510;14;17;214;301;83;491;1;8;12.5;302;1238;687;39;17;4;21;6;587;417;71.0;113
244;Igor\a4e85758;Igor;br BRA;BRA;DF;Fiorentina;16.5;1277;130;707;641;26;7;1243;6;7;85.7;876;4567;2555;45;8;0;3;6;906;899;99.2;0
245;Jonathan Ikone\42eaa028;Jonathan Ikone;fr FRA;FRA;FW;Fiorentina;3.2;156;1;11;76;82;14;155;8;15;53.3;126;822;481;33;6;3;12;4;147;115;78.2;21
246;Ivan Ili?\bb376bed;Ivan Ili?;rs SRB;SRB;MF;Hellas Verona;21.4;1307;58;296;792;316;20;1243;19;29;65.5;826;4504;2095;94;34;3;34;26;928;844;90.9;51
247;Josip Ili?i?\68252d6d;Josip Ili?i?;si SVN;SVN;FWMF;Atalanta;9.2;635;4;45;263;370;63;598;17;31;54.8;501;2708;1327;86;20;22;31;16;613;508;82.9;94
248;Ciro Immobile\4431aed2;Ciro Immobile;it ITA;ITA;FW;Lazio;24.1;982;18;84;420;523;170;944;13;39;33.3;667;2938;1498;78;23;29;54;38;1268;798;62.9;223
249;Lorenzo Insigne\2f557579;Lorenzo Insigne;it ITA;ITA;FW;Napoli;18.9;1358;6;128;598;739;96;1255;30;62;48.4;982;5391;3338;178;52;32;30;21;1209;1064;88.0;140
250;Ardian Ismajli\6b635f5c;Ardian Ismajli;al ALB;ALB;DF;Empoli;12.0;717;132;418;330;24;6;695;3;3;100.0;401;2853;1602;32;3;0;2;3;446;434;97.3;0
251;Armando Izzo\89976232;Armando Izzo;it ITA;ITA;DF;Torino;2.6;203;13;73;106;41;5;190;0;0;;113;613;350;16;8;0;1;0;127;124;97.6;3
252;Mato Jajalo\8c65eb5f;Mato Jajalo;ba BIH;BIH;MF;Udinese;5.5;299;13;70;171;72;6;287;3;4;75.0;178;861;419;16;2;1;7;4;189;175;92.6;10
253;Pawe? Jaroszy?ski\958a601f;Pawe? Jaroszy?ski;pl POL;POL;DF;Salernitana;5.5;280;29;126;99;67;2;228;0;2;0.0;140;755;387;12;4;0;3;2;139;129;92.8;6
254;Juan Jesus\79083382;Juan Jesus;br BRA;BRA;DF;Napoli;11.1;750;77;342;424;21;9;721;1;2;50.0;490;2674;1097;29;5;1;1;0;525;514;97.9;0
255;Dennis Johnsen\66784dee;Dennis Johnsen;no NOR;NOR;FWMF;Venezia;12.6;396;5;54;149;232;53;395;21;51;41.2;310;1564;1022;44;14;13;45;24;505;304;60.2;95
256;Kaio Jorge\0cf465f2;Kaio Jorge;br BRA;BRA;MFFW;Juventus;1.3;62;2;8;26;31;10;62;1;2;50.0;42;140;32;3;1;1;5;3;85;49;57.6;17
257;Flavio Junior Bianchi\3ef965c1;Flavio Junior Bianchi;it ITA;ITA;FWMF;Genoa;3.5;128;0;12;81;44;12;126;3;5;60.0;79;343;113;8;3;2;9;11;129;89;69.0;23
258;Hamed Junior Traorè\570bb4b9;Hamed Junior Traorè;ci CIV;CIV;FWMF;Sassuolo;15.0;845;14;152;427;340;58;806;39;76;51.3;680;4180;2457;118;38;22;36;25;710;610;85.9;82
259;Nikola Kalini?\d4931a5a;Nikola Kalini?;hr CRO;CRO;FW;Hellas Verona;4.5;175;1;6;68;104;38;164;3;7;42.9;122;291;95;8;2;4;18;20;236;144;61.0;59
260;Yayah Kallon\f95f49d2;Yayah Kallon;sl SLE;SLE;FWMF;Genoa;7.1;290;6;37;111;162;36;290;13;18;72.2;221;1252;741;41;5;15;23;22;317;182;57.4;46
261;Pierre Kalulu\85f7d1be;Pierre Kalulu;fr FRA;FRA;DF;Milan;13.6;885;87;406;410;139;10;818;2;7;28.6;552;3283;1663;42;17;1;10;6;564;546;96.8;16
262;Rick Karsdorp\9f84febe;Rick Karsdorp;nl NED;NED;DF;Roma;25.8;1604;62;467;742;486;33;1383;9;22;40.9;1015;4288;2179;92;37;6;13;6;1120;1040;92.9;56
263;Denso Kasius\7ae36711;Denso Kasius;nl NED;NED;DF;Bologna;0.8;80;1;14;34;40;3;72;1;3;33.3;56;373;269;9;3;3;3;1;54;52;96.3;9
264;Grigoris Kastanos\2a82aa85;Grigoris Kastanos;cy CYP;CYP;MFFW;Salernitana;13.4;664;24;136;328;250;26;601;15;25;60.0;426;2174;1259;55;24;7;18;18;465;401;86.2;47
265;Moise Kean\3d50bcdb;Moise Kean;it ITA;ITA;FW;Juventus;9.2;294;5;39;142;134;45;290;15;27;55.6;192;844;395;18;4;10;31;19;384;225;58.6;59
266;Wajdi Kechrida\11962fe7;Wajdi Kechrida;tn TUN;TUN;DFMF;Salernitana;10.6;423;27;118;183;155;18;376;3;5;60.0;258;1511;890;38;17;5;9;8;289;236;81.7;14
267;Dimitrios Keramitsis\6f30a1d5;Dimitrios Keramitsis;;#DEÐER!;DF;Roma;0.0;0;0;0;0;0;0;0;0;0;;0;0;0;0;0;0;0;0;0;0;;0
268;Franck Kessié\05e19d6a;Franck Kessié;ci CIV;CIV;MF;Milan;18.5;1196;51;277;691;295;39;1161;18;26;69.2;808;4011;1775;69;23;2;20;22;965;848;87.9;53
269;Jakub Kiwior\dc3e663e;Jakub Kiwior;pl POL;POL;MF;Spezia;13.8;619;70;256;336;58;10;602;5;8;62.5;307;1570;595;18;3;0;2;4;330;314;95.2;3
270;Sofian Kiyine\ce1806be;Sofian Kiyine;ma MAR;MAR;MFFW;Venezia;11.2;582;18;134;329;201;14;538;44;62;71.0;455;2943;1691;77;29;9;17;34;430;369;85.8;23
271;Simon Kjær\8b8a56ce;Simon Kjær;dk DEN;DEN;DF;Milan;8.9;551;97;280;288;17;7;533;1;1;100.0;347;1750;939;19;1;0;1;1;372;367;98.7;0
272;Aleksandr Kokorin\fec5accc;Aleksandr Kokorin;ru RUS;RUS;FWMF;Fiorentina;0.6;29;0;2;17;11;2;29;1;2;50.0;20;73;8;1;0;0;6;0;43;26;60.5;6
273;Aleksandar Kolarov\eda40760;Aleksandar Kolarov;rs SRB;SRB;DF;Inter;0.5;42;5;18;22;8;0;42;0;2;0.0;33;186;124;6;1;0;0;0;37;36;97.3;0
274;Teun Koopmeiners\a26fb8aa;Teun Koopmeiners;nl NED;NED;MF;Atalanta;18.0;1351;31;270;699;466;29;1241;22;33;66.7;935;4532;2279;93;31;6;28;29;1036;947;91.4;62
275;Kalidou Koulibaly\da974c7b;Kalidou Koulibaly;sn SEN;SEN;DF;Napoli;19.7;1421;175;687;776;52;16;1368;11;13;84.6;930;4817;2801;50;11;1;5;3;1034;1020;98.6;8
276;Christos Kourfalidis\5c522c88;Christos Kourfalidis;gr GRE;GRE;MFDF;Cagliari;0.2;15;1;2;7;8;1;15;0;0;;7;60;45;2;1;0;1;0;10;8;80.0;2
277;Viktor Kovalenko\9d60028d;Viktor Kovalenko;ua UKR;UKR;MFFW;Spezia;11.7;594;13;122;345;168;17;569;6;12;50.0;406;1891;914;43;17;1;12;21;474;411;86.7;35
278;Julian Kristoffersen\b804c280;Julian Kristoffersen;no NOR;NOR;FW;Salernitana;0.1;3;0;0;2;1;1;3;0;0;;0;0;0;0;0;0;0;0;4;2;50.0;0
279;Rade Kruni?\817c6964;Rade Kruni?;ba BIH;BIH;MFFW;Milan;12.4;590;30;111;320;192;22;581;13;16;81.3;384;1702;727;28;11;1;19;5;476;399;83.8;53
280;Dejan Kulusevski\df3cda47;Dejan Kulusevski;se SWE;SWE;FWMF;Juventus;8.6;389;5;61;171;195;48;384;12;27;44.4;294;1717;987;39;15;4;23;34;381;261;68.5;73
281;Marash Kumbulla\a40819d9;Marash Kumbulla;al ALB;ALB;DF;Roma;8.4;584;51;312;301;13;7;574;0;0;;414;2147;1317;21;1;0;0;3;430;425;98.8;1
282;Giorgos Kyriakopoulos\0a483542;Giorgos Kyriakopoulos;gr GRE;GRE;DFFW;Sassuolo;16.9;1203;72;414;494;386;29;1065;26;45;57.8;848;4955;2689;142;35;13;14;14;876;810;92.5;45
283;Andrea La Mantia\c375dfa5;Andrea La Mantia;it ITA;ITA;FW;Empoli;3.4;106;4;7;44;58;20;105;0;0;;49;175;60;4;1;0;8;7;154;82;53.2;28
284;Sam Lammers\c283ddef;Sam Lammers;nl NED;NED;FW;Atalanta;0.4;29;0;0;13;17;3;29;0;1;0.0;18;44;15;1;1;0;3;2;41;26;63.4;9
285;Kevin Lasagna\09538fdb;Kevin Lasagna;it ITA;ITA;FWMF;Hellas Verona;9.8;353;10;36;139;202;57;338;9;15;60.0;220;1278;704;25;12;8;31;24;449;251;55.9;98
286;Darko Lazovi?\5128bde4;Darko Lazovi?;rs SRB;SRB;DF;Hellas Verona;24.4;1459;51;302;613;626;106;1253;20;45;44.4;834;4411;2920;139;47;34;17;15;1019;875;85.9;92
287;Manuel Lazzari\02caf6e0;Manuel Lazzari;it ITA;ITA;DF;Lazio;10.9;752;26;185;396;247;26;653;21;39;53.8;531;3304;2227;107;37;11;14;11;554;503;90.8;37
288;Rafael Leão\20730eae;Rafael Leão;pt POR;POR;FW;Milan;21.2;898;8;66;424;532;122;887;71;116;61.2;766;5494;3585;185;68;40;52;42;932;713;76.5;124
289;Lucas Leiva\4c78b5ed;Lucas Leiva;br BRA;BRA;MF;Lazio;15.3;1144;65;311;748;116;0;1115;3;5;60.0;664;1943;804;25;3;0;5;5;839;800;95.4;5
290;Luca Lezzerini\c9c32262;Luca Lezzerini;it ITA;ITA;GK;Venezia;5.5;210;194;209;1;0;0;148;0;0;;95;316;171;0;0;0;0;0;80;80;100.0;0
291;Ben Lhassine Kone\7452c7a8;Ben Lhassine Kone;ci CIV;CIV;MF;Torino;0.9;43;2;10;28;6;0;43;0;0;;24;126;56;3;1;0;1;0;25;25;100.0;0
292;Matthijs de Ligt\d6e53a3a;Matthijs de Ligt;nl NED;NED;DF;Juventus;24.3;1608;258;811;824;84;32;1567;1;4;25.0;1061;5334;2411;68;15;0;2;1;1143;1131;99.0;2
293;Anderson Lima\59be3a74;Anderson Lima;br BRA;BRA;MF;Lazio;0.7;48;0;14;29;8;1;48;1;1;100.0;35;123;53;0;0;0;2;0;38;37;97.4;5
294;Karol Linetty\d023d70f;Karol Linetty;pl POL;POL;MFFW;Torino;9.4;356;4;46;163;163;29;346;4;11;36.4;228;868;451;25;8;4;26;10;335;237;70.7;35
295;Stanislav Lobotka\e1cbb531;Stanislav Lobotka;sk SVK;SVK;MF;Napoli;14.9;1299;33;249;932;207;2;1285;7;7;100.0;966;4709;1969;78;30;1;3;7;1076;1050;97.6;15
296;Manuel Locatelli\a8a874f1;Manuel Locatelli;it ITA;ITA;MF;Juventus;22.0;1584;94;442;932;278;28;1532;14;19;73.7;1056;3784;1652;57;22;4;16;17;1190;1131;95.0;33
297;Maxime Lopez\20094685;Maxime Lopez;fr FRA;FRA;MF;Sassuolo;26.8;2340;127;678;1481;366;20;2278;19;37;51.4;1696;9947;4679;168;53;5;25;16;1898;1827;96.3;28
298;Matteo Lovato\5fa57166;Matteo Lovato;it ITA;ITA;DF;Cagliari;8.6;464;74;270;205;10;3;433;3;5;60.0;221;993;410;4;0;0;2;2;209;203;97.1;0
299;Matteo Lovato\5fa57166;Matteo Lovato;it ITA;ITA;DFMF;Atalanta;3.4;224;19;89;128;22;3;219;1;3;33.3;157;649;364;12;1;0;2;1;160;157;98.1;1
300;Hirving Lozano\a69e4806;Hirving Lozano;mx MEX;MEX;FW;Napoli;13.1;636;8;96;266;322;76;629;18;31;58.1;476;3016;1899;103;20;28;23;30;637;488;76.6;93
301;José Luis Palomino\921f6058;José Luis Palomino;ar ARG;ARG;DF;Atalanta;21.9;1499;171;691;816;77;21;1455;2;3;66.7;825;5498;2491;68;11;0;3;7;832;817;98.2;1
302;Saša Luki?\c6e8cf1f;Saša Luki?;rs SRB;SRB;MF;Torino;25.4;1616;39;272;1017;437;30;1552;18;27;66.7;1099;6644;3442;182;53;9;26;9;1175;1074;91.4;47
303;Sebastiano Luperto\997fff07;Sebastiano Luperto;it ITA;ITA;DF;Empoli;15.1;899;204;543;390;30;8;856;0;1;0.0;509;3495;1950;37;10;0;5;1;559;545;97.5;2
304;Charalambos Lykogiannis\5efc5389;Charalambos Lykogiannis;gr GRE;GRE;DF;Cagliari;17.0;830;81;306;351;214;16;668;9;18;50.0;405;1793;966;36;16;1;26;13;480;408;85.0;25
305;Niki Mäenpää\14a96e1c;Niki Mäenpää;fi FIN;FIN;GK;Venezia;7.5;237;209;236;1;0;0;161;0;0;;103;523;281;0;0;0;0;1;101;100;99.0;0
306;Giulio Maggiore\957e4c87;Giulio Maggiore;it ITA;ITA;MF;Spezia;24.9;1236;46;299;712;319;47;1225;17;38;44.7;840;3876;2093;76;40;7;45;34;953;824;86.5;62
307;Francesco Magnanelli\07767f42;Francesco Magnanelli;it ITA;ITA;MF;Sassuolo;1.7;160;8;41;109;17;0;152;0;0;;102;334;152;6;0;0;1;0;117;113;96.6;2
308;Giangiacomo Magnani\cce9f582;Giangiacomo Magnani;it ITA;ITA;DF;Sampdoria;2.5;169;28;117;63;0;0;167;0;0;;112;629;312;2;0;0;0;0;124;122;98.4;0
309;Giangiacomo Magnani\cce9f582;Giangiacomo Magnani;it ITA;ITA;DF;Hellas Verona;5.9;310;47;161;149;14;5;306;0;0;;135;783;485;5;2;0;1;1;161;158;98.1;1
310;Mike Maignan\fcb38f57;Mike Maignan;fr FRA;FRA;GK;Milan;24.0;886;732;880;6;0;0;732;0;2;0.0;499;2652;1629;0;0;0;0;0;494;491;99.4;0
311;Ainsley Maitland-Niles\e3a5814e;Ainsley Maitland-Niles;eng ENG;ENG;DF;Roma;4.3;308;13;97;133;92;5;255;2;4;50.0;178;831;462;24;6;1;4;6;198;178;89.9;15
312;Jean-Victor Makengo\22bfb57e;Jean-Victor Makengo;fr FRA;FRA;MF;Udinese;19.5;755;23;167;437;219;26;745;16;26;61.5;546;3486;1787;79;30;8;18;25;586;507;86.5;32
313;Nikola Maksimovi?\16b9d5cf;Nikola Maksimovi?;rs SRB;SRB;DF;Genoa;10.4;537;123;332;219;15;7;503;0;2;0.0;247;1549;787;13;2;0;0;3;266;261;98.1;0
314;Kévin Malcuit\d6a889ea;Kévin Malcuit;ma MAR;MAR;DF;Napoli;2.7;152;10;57;55;51;4;132;2;4;50.0;94;586;344;16;1;1;4;3;105;99;94.3;8
315;Daniel Maldini\801831fe;Daniel Maldini;it ITA;ITA;MF;Milan;1.6;71;0;11;41;28;10;69;1;2;50.0;44;336;201;9;6;1;6;0;67;48;71.6;8
316;Youssef Maleh\4c8845f7;Youssef Maleh;it ITA;ITA;MF;Fiorentina;7.7;372;4;59;199;141;31;368;2;7;28.6;248;1173;643;25;12;4;18;8;320;264;82.5;42
317;Ruslan Malinovskyi\48d5bd33;Ruslan Malinovskyi;ua UKR;UKR;FWMF;Atalanta;15.3;1032;3;100;485;532;49;960;31;54;57.4;764;4326;2383;115;40;9;35;51;915;770;84.2;118
318;Rey Manaj\7703afb6;Rey Manaj;al ALB;ALB;FW;Spezia;13.5;551;14;54;318;208;43;513;10;31;32.3;367;1626;778;41;10;7;58;40;637;393;61.7;87
319;Gianluca Mancini\5aa53281;Gianluca Mancini;it ITA;ITA;DF;Roma;26.1;1700;241;846;842;115;33;1653;2;4;50.0;1161;5770;3376;93;20;2;7;1;1294;1270;98.1;5
320;Leonardo Mancuso\311027cb;Leonardo Mancuso;it ITA;ITA;FW;Empoli;4.7;118;2;10;48;67;19;109;0;0;;69;381;212;11;3;1;9;7;153;83;54.2;29
321;Rolando Mandragora\c7259b83;Rolando Mandragora;it ITA;ITA;MF;Torino;12.9;803;17;119;475;239;18;709;5;10;50.0;458;1866;980;47;13;6;11;9;556;500;89.9;30
322;Kostas Manolas\c707411f;Kostas Manolas;gr GRE;GRE;DF;Napoli;3.5;250;37;101;162;3;1;243;0;0;;165;1059;576;15;1;0;0;0;200;196;98.0;0
323;Riccardo Marchizza\91d0fabf;Riccardo Marchizza;it ITA;ITA;DF;Empoli;15.0;775;50;208;359;251;19;619;10;24;41.7;446;2442;1294;62;19;1;4;17;456;412;90.4;19
324;Gian Marco Ferrari\8650af85;Gian Marco Ferrari;it ITA;ITA;DF;Sassuolo;28.7;2127;360;1190;995;74;28;1996;5;6;83.3;1330;6523;3923;73;17;0;13;7;1504;1470;97.7;8
325;Pablo Marí\aa54ec6f;Pablo Marí;es ESP;ESP;DF;Udinese;6.9;369;72;204;141;30;5;317;0;0;;146;622;265;4;1;0;2;1;163;159;97.5;4
326;R?zvan Marin\7fac99d4;R?zvan Marin;ro ROU;ROU;MF;Cagliari;26.2;1320;28;254;715;448;23;1178;18;32;56.3;888;5284;2652;102;38;3;32;29;973;842;86.5;61
327;Lucas Martínez Quarta\3ec3c1c9;Lucas Martínez Quarta;ar ARG;ARG;DF;Fiorentina;14.3;1154;151;646;572;53;21;1122;12;14;85.7;814;5974;3115;64;19;1;3;9;834;817;98.0;1
328;Lautaro Martínez\f7036e1c;Lautaro Martínez;ar ARG;ARG;FW;Inter;19.0;659;5;50;277;363;132;633;17;41;41.5;413;1788;874;50;15;8;41;25;741;462;62.3;137
329;Adam Maruši?\d4535821;Adam Maruši?;me MNE;MNE;DF;Lazio;22.9;1663;103;599;877;289;12;1486;14;24;58.3;1117;4822;2434;96;33;3;17;19;1159;1105;95.3;24
330;Andrea Masiello\e0314d87;Andrea Masiello;it ITA;ITA;DF;Genoa;5.7;359;61;214;153;12;3;353;0;0;;226;1026;554;10;0;0;1;3;233;228;97.9;0
331;Aleš Mat?j?\deb748c9;Aleš Mat?j?;cz CZE;CZE;DF;Venezia;1.5;72;6;21;31;25;3;66;0;1;0.0;41;279;155;8;3;0;1;2;49;43;87.8;3
332;Borja Mayoral\64e8ed6d;Borja Mayoral;es ESP;ESP;FWDF;Roma;1.1;47;0;4;21;25;5;46;1;4;25.0;35;89;17;1;0;0;2;2;59;40;67.8;10
333;Pasquale Mazzocchi\eb0ec070;Pasquale Mazzocchi;it ITA;ITA;DF;Venezia;13.8;755;53;311;310;206;4;636;15;33;45.5;467;2866;1799;67;25;1;19;27;455;411;90.3;19
334;Pasquale Mazzocchi\eb0ec070;Pasquale Mazzocchi;it ITA;ITA;DF;Salernitana;5.7;302;23;114;116;87;3;260;4;14;28.6;171;1025;632;27;7;1;4;5;185;176;95.1;5
335;Ibrahima Mbaye\cfbf9881;Ibrahima Mbaye;sn SEN;SEN;DF;Bologna;0.9;47;9;17;21;9;0;41;1;2;50.0;22;67;27;1;0;0;1;1;39;29;74.4;0
336;Weston McKennie\01c3aff5;Weston McKennie;us USA;USA;MF;Juventus;15.0;748;29;160;362;262;58;711;10;17;58.8;413;2062;1162;64;18;8;23;19;617;491;79.6;91
337;Gary Medel\563a68ad;Gary Medel;cl CHI;CHI;DF;Bologna;24.7;1532;311;886;694;24;2;1435;10;12;83.3;958;5065;2451;46;5;0;0;5;970;959;98.9;4
338;Filippo Melegoni\6604165d;Filippo Melegoni;it ITA;ITA;MFFW;Genoa;6.9;317;10;64;139;139;17;304;4;10;40.0;226;1167;709;30;13;2;20;8;304;202;66.4;36
339;Arthur Melo\48b3dd60;Arthur Melo;br BRA;BRA;MF;Juventus;8.8;654;35;186;436;85;7;633;5;7;71.4;483;2698;1167;39;10;0;7;3;494;478;96.8;11
340;Alex Meret\9413b19f;Alex Meret;it ITA;ITA;GK;Napoli;4.0;94;80;93;0;1;0;74;0;0;;44;174;87;0;0;0;0;0;52;52;100.0;0
341;Yýldýrým Mert Çetin\c730da00;Yýldýrým Mert Çetin;tr TUR;TUR;DF;Hellas Verona;0.5;44;4;11;19;16;0;33;0;1;0.0;19;93;39;2;1;0;1;1;25;22;88.0;1
342;Dries Mertens\89b2c8a9;Dries Mertens;be BEL;BEL;FWMF;Napoli;10.3;471;6;41;188;261;73;452;9;16;56.3;301;1267;720;49;12;14;14;8;503;371;73.8;71
343;Junior Messias\f49c4ae9;Junior Messias;br BRA;BRA;FWMF;Milan;12.5;628;21;84;271;334;59;606;25;52;48.1;436;2562;1714;92;28;18;27;28;549;421;76.7;92
344;Kingsley Michael\e63e122d;Kingsley Michael;ng NGA;NGA;MF;Bologna;0.8;37;2;15;21;4;0;37;0;0;;24;129;37;1;0;0;0;0;25;23;92.0;0
345;Valentin Mihaila\81a4c239;Valentin Mihaila;ro ROU;ROU;FWMF;Atalanta;0.8;42;0;5;15;24;6;42;0;1;0.0;25;178;107;7;0;5;3;3;43;31;72.1;3
346;Mikael\33502726;Mikael;br BRA;BRA;FWMF;Salernitana;0.5;19;1;1;8;11;0;19;0;1;0.0;12;40;11;0;0;0;3;1;34;16;47.1;4
347;Nikola Milenkovi?\bee704fc;Nikola Milenkovi?;rs SRB;SRB;DF;Fiorentina;24.0;1736;198;905;874;73;20;1681;1;2;50.0;1110;5429;2893;69;9;0;6;6;1200;1177;98.1;8
348;Sergej Milinkovi?-Savi?\4e6dbac4;Sergej Milinkovi?-Savi?;rs SRB;SRB;MF;Lazio;26.5;2178;59;369;1245;671;100;2141;28;53;52.8;1470;5907;2548;125;42;4;57;48;2015;1769;87.8;155
349;Vanja Milinkovi?-Savi?\9fa26bc2;Vanja Milinkovi?-Savi?;rs SRB;SRB;GK;Torino;25.0;983;761;975;10;1;1;734;2;2;100.0;561;3510;2079;0;0;0;0;0;527;526;99.8;0
350;Aleksei Miranchuk\a9aa0d1d;Aleksei Miranchuk;ru RUS;RUS;MFFW;Atalanta;6.5;401;7;41;177;206;29;393;12;22;54.5;311;1574;768;45;7;6;22;16;389;312;80.2;56
351;Fabio Miretti\34693494;Fabio Miretti;it ITA;ITA;MF;Juventus;0.0;2;0;0;2;0;0;2;0;0;;2;5;0;0;0;0;0;0;1;1;100.0;0
352;Henrikh Mkhitaryan\dd0daf32;Henrikh Mkhitaryan;am ARM;ARM;MFFW;Roma;24.2;1309;30;228;726;478;62;1278;30;56;53.6;879;5282;3058;131;51;13;32;31;1021;882;86.4;117
353;Marco Modolo\fdcdb521;Marco Modolo;it ITA;ITA;DF;Venezia;3.4;149;62;111;40;3;1;148;1;1;100.0;86;435;150;1;0;0;0;2;89;89;100.0;0
354;Nahuel Molina\23610943;Nahuel Molina;ar ARG;ARG;DF;Udinese;22.2;1096;45;295;460;413;35;970;19;32;59.4;636;3589;2386;94;30;10;20;14;764;668;87.4;52
355;Cristian Molinaro\1c8c5aed;Cristian Molinaro;it ITA;ITA;DF;Venezia;6.1;393;33;160;177;83;1;334;9;9;100.0;213;1291;873;25;11;1;2;4;230;221;96.1;4
356;Lorenzo Montipò\c1d95617;Lorenzo Montipò;it ITA;ITA;GK;Hellas Verona;27.0;837;735;835;2;0;0;596;1;1;100.0;382;2307;1202;0;0;0;1;0;351;351;100.0;0
357;Alvaro Morata\129af0db;Alvaro Morata;es ESP;ESP;FW;Juventus;21.4;875;22;106;428;413;122;860;19;37;51.4;607;3455;2132;99;42;25;60;44;990;675;68.2;162
358;Raúl Moro\919dd4b1;Raúl Moro;es ESP;ESP;FW;Lazio;2.2;111;0;13;55;56;9;108;4;9;44.4;90;617;424;18;8;2;5;5;110;87;79.1;11
359;Andrei Motoc\b64073a0;Andrei Motoc;ro ROU;ROU;DF;Salernitana;1.0;36;6;24;13;1;0;36;0;0;;20;110;59;0;0;0;0;0;21;20;95.2;0
360;Lys Mousset\d9cfca3d;Lys Mousset;fr FRA;FRA;FWMF;Salernitana;1.7;61;2;7;30;29;4;54;6;9;66.7;43;213;119;5;1;0;6;2;74;41;55.4;11
361;Samuel Mráz\be6c1ccc;Samuel Mráz;sk SVK;SVK;FW;Spezia;0.6;14;0;1;9;4;0;12;0;0;;5;29;11;1;0;0;0;0;30;7;23.3;1
362;Mert Müldür\1295552e;Mert Müldür;tr TUR;TUR;DF;Sassuolo;16.1;990;66;334;510;212;9;863;17;23;73.9;627;2953;1981;80;32;4;15;12;683;620;90.8;18
363;Luis Muriel\eb2fe5b6;Luis Muriel;co COL;COL;FW;Atalanta;11.0;651;5;33;260;403;92;601;29;54;53.7;474;2253;1196;75;20;23;40;34;715;497;69.5;146
364;Vedat Muriqi\0cadc46d;Vedat Muriqi;xk KVX;KVX;FW;Lazio;2.4;103;1;13;44;48;10;99;1;4;25.0;58;223;31;2;1;0;8;4;120;85;70.8;31
365;Nicola Murru\d183e9d6;Nicola Murru;it ITA;ITA;DF;Sampdoria;8.7;474;38;177;217;97;12;404;4;6;66.7;285;1332;790;22;5;1;3;14;293;266;90.8;16
366;Juan Musso\a111cf41;Juan Musso;ar ARG;ARG;GK;Atalanta;24.6;761;660;757;8;0;0;555;1;1;100.0;389;1874;935;0;0;0;0;0;342;340;99.4;0
367;Joakim Mæhle\c459a650;Joakim Mæhle;dk DEN;DEN;DF;Atalanta;14.5;966;29;229;441;365;41;847;12;34;35.3;663;3316;2103;82;32;8;19;23;686;611;89.1;52
368;Nahitan Nández\95facda1;Nahitan Nández;uy URU;URU;MFDF;Cagliari;14.9;737;18;129;373;296;42;704;19;35;54.3;540;3847;2305;104;36;19;33;27;693;530;76.5;59
369;Nani\15e9c7e6;Nani;pt POR;POR;FWMF;Venezia;2.9;151;0;14;73;71;7;140;5;15;33.3;109;596;282;16;5;2;7;4;153;108;70.6;12
370;Matija Nastasi?\f35430a4;Matija Nastasi?;rs SRB;SRB;DF;Fiorentina;2.4;175;27;91;88;2;1;173;0;0;;117;351;131;3;0;0;0;0;130;128;98.5;0
371;Ilija Nestorovski\b1236c63;Ilija Nestorovski;mk MKD;MKD;FW;Udinese;0.1;16;0;0;8;8;2;13;0;0;;8;10;3;0;0;0;1;0;13;13;100.0;4
372;Aurélien Nguiamba\de135234;Aurélien Nguiamba;fr FRA;FRA;MF;Spezia;0.4;24;1;4;19;1;0;24;2;2;100.0;16;37;14;0;0;0;0;0;13;13;100.0;1
373;Dimitris Nikolaou\cf961d8d;Dimitris Nikolaou;gr GRE;GRE;DF;Spezia;28.0;1613;267;947;735;55;5;1538;10;13;76.9;1013;6548;3331;77;17;2;11;11;994;980;98.6;3
374;Jean-Pierre Nsame\12e6d21a;Jean-Pierre Nsame;cm CMR;CMR;FW;Venezia;1.9;60;0;0;25;35;13;58;2;2;100.0;35;88;39;1;0;1;6;5;102;53;52.0;13
375;Bram Nuytinck\e33f36d5;Bram Nuytinck;nl NED;NED;DF;Udinese;19.3;937;229;634;326;20;14;897;0;0;;480;2338;1132;23;1;0;1;3;555;547;98.6;2
376;Simeon Nwankwo\80dbbd10;Simeon Nwankwo;ng NGA;NGA;FW;Salernitana;9.4;305;11;31;142;143;46;297;6;8;75.0;202;552;223;12;5;2;32;23;461;231;50.1;62
377;M'Bala Nzola\a4948e67;M'Bala Nzola;ao ANG;ANG;FW;Spezia;11.7;395;13;31;186;202;58;375;11;18;61.1;265;1620;728;31;15;10;45;28;560;294;52.5;76
378;Adam Obert\aa25ce92;Adam Obert;sk SVK;SVK;DF;Cagliari;2.9;126;26;80;43;10;0;120;6;6;100.0;80;368;102;3;1;0;1;5;77;71;92.2;0
379;Joel Obi\614c38fb;Joel Obi;ng NGA;NGA;MF;Salernitana;12.3;454;17;109;232;137;29;440;6;9;66.7;263;1050;447;17;6;1;20;16;349;271;77.7;41
380;Brain Oddei\97e8ea97;Brain Oddei;it ITA;ITA;FW;Sassuolo;0.0;2;0;0;0;2;1;2;1;1;100.0;3;12;7;0;0;0;0;0;2;2;100.0;0
381;Álvaro Odriozola\1d1691ad;Álvaro Odriozola;es ESP;ESP;DF;Fiorentina;17.6;1078;65;332;473;365;55;934;10;26;38.5;727;5027;2467;119;44;18;17;15;806;710;88.1;73
382;Stefano Okaka\601ef102;Stefano Okaka;it ITA;ITA;FW;Udinese;0.2;10;1;1;6;4;2;10;0;0;;5;54;45;2;1;0;1;0;12;5;41.7;3
383;David Okereke\d125f22f;David Okereke;ng NGA;NGA;FWMF;Venezia;18.2;577;16;84;257;286;78;571;24;48;50.0;419;2627;1538;67;26;18;32;27;756;410;54.2;120
384;Christian Oliva\d3b888e3;Christian Oliva;uy URU;URU;MF;Cagliari;0.5;34;2;13;19;6;0;33;0;0;;25;185;111;5;1;0;0;0;21;21;100.0;0
385;Sérgio Oliveira\947e036f;Sérgio Oliveira;pt POR;POR;MF;Roma;5.3;330;15;87;176;83;6;305;3;4;75.0;186;777;400;22;5;0;5;8;228;211;92.5;11
386;Riccardo Orsolini\e14ec482;Riccardo Orsolini;it ITA;ITA;FWDF;Bologna;15.2;737;12;104;358;316;40;680;22;42;52.4;522;2680;1461;69;14;8;33;17;697;547;78.5;82
387;Victor Osimhen\8c90fd7a;Victor Osimhen;ng NGA;NGA;FW;Napoli;16.0;475;18;29;191;288;114;470;16;31;51.6;308;2183;1169;63;20;14;46;28;676;368;54.4;138
388;David Ospina\82b1198a;David Ospina;co COL;COL;GK;Napoli;26.0;835;749;828;10;0;0;668;0;0;;452;2267;1386;0;0;0;0;0;436;434;99.5;0
389;Adam Ounas\ed90babd;Adam Ounas;dz ALG;ALG;MFFW;Napoli;3.6;266;5;32;106;154;21;252;16;21;76.2;229;1377;872;45;12;10;10;15;246;210;85.4;32
390;Daniele Padelli\cf1c23d8;Daniele Padelli;it ITA;ITA;GK;Udinese;2.0;81;77;81;0;0;0;66;0;0;;51;203;111;0;0;0;0;0;45;45;100.0;0
391;Goran Pandev\d711d04f;Goran Pandev;mk MKD;MKD;FWMF;Genoa;9.4;362;1;32;187;155;31;352;9;19;47.4;282;969;338;18;4;4;30;22;446;289;64.8;81
392;Ivor Pandur\457cb02f;Ivor Pandur;hr CRO;CRO;GK;Hellas Verona;3.0;76;72;76;0;0;0;59;0;0;;39;118;43;0;0;0;0;0;35;35;100.0;0
393;Fabiano Parisi\0967845b;Fabiano Parisi;it ITA;ITA;DF;Empoli;11.5;749;57;285;340;202;18;640;16;39;41.0;490;3160;1981;84;40;5;22;16;417;394;94.5;12
394;Mario Pašali?\e599253a;Mario Pašali?;hr CRO;CRO;MFFW;Atalanta;17.2;1020;30;158;558;370;88;1005;15;27;55.6;697;3197;1338;79;25;9;43;25;940;759;80.7;124
395;Patric\f7223718;Patric;es ESP;ESP;DF;Lazio;12.0;1052;148;536;538;37;11;1022;2;2;100.0;765;3569;1696;21;1;0;8;0;841;834;99.2;4
396;Rui Patrício\79b0d6a0;Rui Patrício;pt POR;POR;GK;Roma;30.0;897;803;895;3;0;0;623;0;0;;380;1815;801;0;0;0;1;0;382;380;99.5;0
397;Leonardo Pavoletti\d37b0350;Leonardo Pavoletti;it ITA;ITA;FW;Cagliari;12.9;517;15;56;265;204;70;514;3;5;60.0;208;567;98;2;2;2;34;7;715;397;55.5;79
398;Pedro\3ca7254a;Pedro;es ESP;ESP;FW;Lazio;21.5;1137;19;162;593;495;77;1110;28;53;52.8;900;5576;3328;175;74;16;41;25;1089;898;82.5;102
399;João Pedro\81255c03;João Pedro;br BRA;BRA;FW;Cagliari;29.0;911;24;84;469;409;117;849;24;50;48.0;561;3130;1449;76;29;9;64;45;1216;637;52.4;164
400;Gianluca Pegolo\f058ed1f;Gianluca Pegolo;it ITA;ITA;GK;Sassuolo;1.0;36;31;36;0;0;0;25;0;0;;18;87;41;0;0;0;0;0;19;19;100.0;0
401;Pietro Pellegri\a44d3a3c;Pietro Pellegri;it ITA;ITA;FW;Torino;0.4;12;1;2;7;5;0;12;0;0;;7;44;14;2;1;0;3;0;23;10;43.5;3
402;Pietro Pellegri\a44d3a3c;Pietro Pellegri;it ITA;ITA;FW;Milan;1.5;37;1;5;10;25;5;36;0;3;0.0;24;113;45;3;1;0;3;2;53;19;35.8;6
403;Lorenzo Pellegrini\4a5a45c7;Lorenzo Pellegrini;it ITA;ITA;MFFW;Roma;19.7;1135;22;136;554;522;101;1003;31;67;46.3;750;4263;2064;118;30;18;44;32;979;788;80.5;150
404;Luca Pellegrini\3b61c9ec;Luca Pellegrini;it ITA;ITA;DF;Juventus;9.7;687;35;232;292;189;10;592;10;17;58.8;446;1652;929;46;9;1;7;16;471;438;93.0;13
405;Federico Peluso\4f2908e5;Federico Peluso;it ITA;ITA;DF;Sassuolo;0.0;0;0;0;0;0;0;0;0;0;;0;0;0;0;0;0;0;0;0;0;;0
406;Gastón Pereiro\7ec7738e;Gastón Pereiro;uy URU;URU;FWMF;Cagliari;9.1;363;5;38;175;177;24;332;9;16;56.3;247;1626;1022;65;21;11;13;8;378;255;67.5;30
407;Dor Peretz\e2a302a8;Dor Peretz;il ISR;ISR;MF;Venezia;3.9;189;16;62;112;23;4;185;3;7;42.9;112;443;234;8;2;0;3;2;136;124;91.2;2
408;Roberto Pereyra\75f2c59f;Roberto Pereyra;ar ARG;ARG;MFFW;Udinese;15.0;770;17;130;404;308;58;741;18;38;47.4;576;3866;2103;95;36;11;28;28;655;550;84.0;54
409;Carles Pérez\a8f21b9f;Carles Pérez;es ESP;ESP;MFFW;Roma;3.8;215;0;23;80;134;21;194;8;15;53.3;162;1027;639;43;18;6;8;7;189;152;80.4;27
410;Nehuén Pérez\f7c491f1;Nehuén Pérez;ar ARG;ARG;DF;Udinese;11.2;577;92;291;258;55;10;489;7;13;53.8;278;1671;962;26;6;0;3;2;278;267;96.0;1
411;Mattia Perin\4c62d0c8;Mattia Perin;it ITA;ITA;GK;Juventus;3.0;88;79;88;0;0;0;60;0;0;;41;127;61;0;0;0;0;0;41;41;100.0;0
412;Ivan Periši?\6fe90922;Ivan Periši?;hr CRO;CRO;DF;Inter;22.9;1324;57;299;513;603;110;1184;18;34;52.9;791;4868;3162;138;49;27;22;14;1009;864;85.6;99
413;Diego Perotti\a40d5a0c;Diego Perotti;ar ARG;ARG;FWMF;Salernitana;2.6;156;7;23;80;70;6;144;1;3;33.3;98;643;378;20;11;2;6;8;121;98;81.0;6
414;Mario Perrone\6cd33e2a;Mario Perrone;it ITA;ITA;DF;Salernitana;0.2;10;1;5;5;1;0;8;0;0;;7;14;7;1;0;0;0;0;8;7;87.5;0
415;Matteo Pessina\780e3631;Matteo Pessina;it ITA;ITA;MFFW;Atalanta;12.9;879;15;138;500;302;55;866;15;24;62.5;627;3223;1609;85;27;7;34;18;745;634;85.1;81
416;Andrea Petagna\03f946ed;Andrea Petagna;it ITA;ITA;FW;Napoli;5.8;215;4;23;114;97;29;207;11;17;64.7;158;991;383;18;9;6;17;14;282;175;62.1;48
417;Giuseppe Pezzella\149c5f5d;Giuseppe Pezzella;it ITA;ITA;DF;Atalanta;10.5;691;18;156;337;252;26;600;6;17;35.3;429;2416;1330;69;21;7;16;14;486;440;90.5;31
418;Krzysztof Pi?tek\17f3620a;Krzysztof Pi?tek;pl POL;POL;FW;Fiorentina;5.9;180;7;13;96;80;25;166;2;4;50.0;103;439;135;8;5;0;13;9;249;117;47.0;28
419;Roberto Piccoli\1cadaf34;Roberto Piccoli;it ITA;ITA;FW;Genoa;0.5;16;1;4;10;3;0;16;1;2;50.0;11;39;13;1;0;0;2;1;23;11;47.8;2
420;Roberto Piccoli\1cadaf34;Roberto Piccoli;it ITA;ITA;FW;Atalanta;2.2;76;1;6;30;41;12;74;0;1;0.0;49;129;37;4;0;3;4;13;106;56;52.8;20
421;Andrea Pinamonti\08aa9cd1;Andrea Pinamonti;it ITA;ITA;FW;Empoli;24.9;797;25;51;331;453;148;770;9;24;37.5;457;2147;847;56;20;18;61;42;1095;600;54.8;219
422;Marko Pjaca\2c38b327;Marko Pjaca;hr CRO;CRO;FWMF;Torino;10.5;466;8;36;207;255;50;460;18;37;48.6;357;1720;1103;65;18;17;25;29;455;352;77.4;70
423;Tommaso Pobega\55a1cac2;Tommaso Pobega;it ITA;ITA;MF;Torino;20.0;1178;38;176;714;362;51;1167;12;19;63.2;699;3518;1792;81;36;9;29;15;956;802;83.9;51
424;Suf Podgoreanu\d697a2d0;Suf Podgoreanu;il ISR;ISR;FW;Spezia;1.3;71;3;9;29;43;3;69;3;4;75.0;50;342;176;11;4;2;0;5;61;52;85.2;7
425;Matteo Politano\5e861944;Matteo Politano;it ITA;ITA;FW;Napoli;15.9;868;8;103;270;541;86;804;20;38;52.6;638;3785;2329;159;21;37;21;28;794;657;82.7;83
426;Manolo Portanova\c8c0dccd;Manolo Portanova;it ITA;ITA;MFFW;Genoa;10.5;434;20;87;209;168;31;405;18;35;51.4;239;1269;776;31;8;4;25;23;344;229;66.6;33
427;Dennis Praet\86695068;Dennis Praet;be BEL;BEL;MFFW;Torino;11.8;517;7;57;210;284;51;506;10;23;43.5;338;1608;782;47;15;11;20;10;499;369;73.9;67
428;Mateusz Praszelik\ec6773f5;Mateusz Praszelik;pl POL;POL;FWMF;Hellas Verona;0.3;16;0;2;8;8;2;16;1;1;100.0;11;75;50;3;2;0;1;1;21;14;66.7;2
429;Ivan Provedel\277da414;Ivan Provedel;it ITA;ITA;GK;Spezia;23.0;980;844;976;13;2;1;731;0;0;;476;2433;1318;0;1;0;0;0;470;469;99.8;0
430;Erick Pulgar\4611e028;Erick Pulgar;cl CHI;CHI;MF;Fiorentina;3.8;266;6;55;183;43;0;240;3;3;100.0;176;859;362;18;5;0;3;2;182;178;97.8;1
431;Ignacio Pussetto\62437b4f;Ignacio Pussetto;ar ARG;ARG;FWMF;Udinese;9.9;400;9;34;186;211;54;379;18;40;45.0;261;1364;743;38;11;6;34;23;403;264;65.5;51
432;Niklas Pyyhtiä\88f53b75;Niklas Pyyhtiä;fi FIN;FIN;MF;Bologna;0.2;25;0;3;18;8;0;24;1;1;100.0;19;90;73;4;2;0;0;0;22;18;81.8;0
433;Fabio Quagliarella\ee4f2f3b;Fabio Quagliarella;it ITA;ITA;FW;Sampdoria;16.0;585;13;46;281;287;64;549;10;19;52.6;393;1516;593;34;14;3;45;22;728;432;59.3;148
434;Adrien Rabiot\8794e251;Adrien Rabiot;fr FRA;FRA;MF;Juventus;18.7;1034;67;282;565;270;44;1011;20;29;69.0;674;4488;2124;85;36;10;23;25;782;680;87.0;44
435;Ivan Radovanovi?\023937a9;Ivan Radovanovi?;rs SRB;SRB;MF;Salernitana;3.7;222;18;54;136;43;7;215;0;0;;132;797;284;13;3;1;0;3;162;157;96.9;2
436;?tefan Radu\53de807a;?tefan Radu;ro ROU;ROU;DF;Lazio;5.4;336;33;145;163;42;4;304;2;3;66.7;199;965;416;14;3;0;1;2;221;213;96.4;1
437;Boris Radunovi?\0dfce079;Boris Radunovi?;rs SRB;SRB;GK;Cagliari;3.0;107;100;107;0;0;0;70;0;0;;42;178;91;0;0;0;0;0;39;39;100.0;0
438;Aaron Ramsey\ef619b0b;Aaron Ramsey;wls WAL;WAL;MF;Juventus;1.1;69;2;18;41;11;2;66;0;0;;47;155;62;2;1;0;1;1;61;59;96.7;2
439;Luca Ranieri\8c63fae5;Luca Ranieri;it ITA;ITA;DF;Salernitana;20.8;1047;74;297;520;273;20;873;21;34;61.8;551;2520;1525;66;20;2;17;10;655;589;89.9;32
440;Andrea Ranocchia\539230cf;Andrea Ranocchia;it ITA;ITA;DF;Inter;3.6;211;40;123;93;6;3;205;0;0;;141;665;311;6;1;0;0;0;153;151;98.7;0
441;Giacomo Raspadori\6e058f06;Giacomo Raspadori;it ITA;ITA;MFFW;Sassuolo;22.6;1061;14;160;496;480;106;1000;21;43;48.8;781;3822;1560;90;29;19;57;54;982;773;78.7;186
442;Ante Rebi?\536cebe5;Ante Rebi?;hr CRO;CRO;FW;Milan;7.7;349;8;18;130;220;63;342;14;24;58.3;246;1399;843;49;12;14;18;22;370;256;69.2;72
443;Arkadiusz Reca\6213fd82;Arkadiusz Reca;pl POL;POL;DF;Spezia;15.7;869;64;349;371;212;12;721;9;18;50.0;465;2936;1710;70;29;6;28;8;526;465;88.4;18
444;Pepe Reina\e358587b;Pepe Reina;es ESP;ESP;GK;Lazio;15.0;555;514;553;1;1;0;427;0;0;;304;1585;985;0;0;0;0;1;313;310;99.0;0
445;Panagiotis Retsos\4bd00a50;Panagiotis Retsos;gr GRE;GRE;DFMF;Hellas Verona;0.5;29;2;8;14;9;1;27;0;0;;15;97;43;1;2;0;1;1;14;14;100.0;0
446;Bryan Reynolds\2306bf5c;Bryan Reynolds;us USA;USA;DF;Roma;0.0;4;0;2;1;1;0;3;0;0;;2;1;0;0;0;0;1;0;2;2;100.0;1
447;Franck Ribéry\f61c7c4e;Franck Ribéry;fr FRA;FRA;MFFW;Salernitana;13.7;729;4;71;378;362;63;679;22;47;46.8;559;3549;2161;99;39;26;40;55;703;546;77.7;78
448;Samuele Ricci\9823be92;Samuele Ricci;it ITA;ITA;MF;Empoli;17.0;1096;69;351;675;169;4;1067;10;14;71.4;721;4448;2267;73;17;1;3;18;783;757;96.7;19
449;Samuele Ricci\9823be92;Samuele Ricci;it ITA;ITA;MF;Torino;1.2;47;1;9;29;11;0;45;0;0;;29;142;70;4;2;0;0;1;37;30;81.1;0
450;Tomás Rincón\f1cfc209;Tomás Rincón;ve VEN;VEN;MFFW;Torino;1.8;110;5;25;64;26;1;106;2;2;100.0;64;323;184;7;0;1;1;2;77;70;90.9;1
451;Tomás Rincón\f1cfc209;Tomás Rincón;ve VEN;VEN;MF;Sampdoria;7.0;423;16;126;259;64;1;415;8;9;88.9;291;1129;598;20;7;1;7;7;308;289;93.8;9
452;Ricardo Rodríguez\7f78ad23;Ricardo Rodríguez;ch SUI;SUI;DF;Torino;20.5;1249;66;420;737;201;11;1180;2;3;66.7;838;5182;2978;117;43;3;6;3;835;824;98.7;10
453;Rogério\10e7f486;Rogério;br BRA;BRA;DF;Sassuolo;16.2;1163;69;375;550;315;15;1026;8;16;50.0;782;4326;2390;107;39;4;14;18;808;771;95.4;33
454;Alessio Romagnoli\3ead85f9;Alessio Romagnoli;it ITA;ITA;DF;Milan;15.5;1102;123;534;578;49;20;1056;2;2;100.0;700;3337;1424;34;5;0;1;1;793;766;96.6;5
455;Simone Romagnoli\09899de8;Simone Romagnoli;it ITA;ITA;DF;Empoli;13.8;792;167;460;349;35;12;745;1;2;50.0;409;3118;1674;18;5;0;1;0;427;422;98.8;1
456;Luka Romero\ca6edaa0;Luka Romero;ar ARG;ARG;FW;Lazio;0.6;35;0;0;17;23;1;32;1;2;50.0;29;282;129;9;3;0;1;1;33;27;81.8;3
457;Sergio Romero\1e26e376;Sergio Romero;ar ARG;ARG;GK;Venezia;16.0;652;596;647;7;0;0;466;0;0;;284;1264;820;0;0;0;1;0;262;260;99.2;0
458;Cristiano Ronaldo\dea698d9;Cristiano Ronaldo;pt POR;POR;FW;Juventus;0.3;17;0;2;9;8;2;16;0;0;;12;73;33;2;2;0;0;2;14;12;85.7;3
459;Marten de Roon\2a1beb34;Marten de Roon;nl NED;NED;MFDF;Atalanta;20.3;1372;61;404;790;264;10;1326;3;8;37.5;870;3885;1959;72;21;0;5;4;914;877;96.0;8
460;Francesco Rossi\7b5f516f;Francesco Rossi;it ITA;ITA;GK;Atalanta;0.4;17;17;17;0;0;0;12;0;0;;11;58;19;0;0;0;0;0;10;10;100.0;0
461;Nicolò Rovella\e58cbfd5;Nicolò Rovella;it ITA;ITA;MF;Genoa;16.0;1110;39;245;628;306;11;967;18;28;64.3;706;3956;1926;73;21;2;10;19;752;668;88.8;27
462;Amir Rrahmani\4b3e1a38;Amir Rrahmani;xk KVX;KVX;DF;Napoli;26.5;1895;271;948;976;75;25;1820;3;4;75.0;1228;5852;3130;77;11;0;4;6;1382;1369;99.1;3
463;Ruan\a378a02a;Ruan;br BRA;BRA;DF;Sassuolo;1.3;65;29;46;17;3;1;64;4;4;100.0;30;135;81;2;1;0;0;2;20;19;95.0;0
464;Daniele Rugani\14b8fcdf;Daniele Rugani;it ITA;ITA;DF;Juventus;7.7;498;83;247;266;13;6;485;0;0;;342;1376;638;12;0;0;1;1;376;373;99.2;0
465;Matteo Ruggeri\ae9898c5;Matteo Ruggeri;it ITA;ITA;DF;Salernitana;4.4;214;26;72;90;64;6;185;1;2;50.0;110;607;301;9;6;0;2;5;125;115;92.0;3
466;Mário Rui\0b5a292a;Mário Rui;pt POR;POR;DF;Napoli;26.6;2244;88;634;1130;599;48;1983;12;17;70.6;1479;6369;3842;144;34;5;12;20;1683;1612;95.8;59
467;Fabián Ruiz Peña\c0c7ff58;Fabián Ruiz Peña;es ESP;ESP;MF;Napoli;21.4;1976;60;408;1177;530;28;1938;8;12;66.7;1367;6154;3327;139;56;7;15;14;1678;1598;95.2;72
468;Alessandro Russo\7152082d;Alessandro Russo;it ITA;ITA;MF;Salernitana;0.3;8;1;3;5;2;1;8;0;0;;5;64;53;2;1;0;0;0;6;3;50.0;1
469;Stefano Sabelli\0ccac09c;Stefano Sabelli;it ITA;ITA;DF;Genoa;3.9;210;15;74;80;68;5;180;2;2;100.0;109;579;371;21;4;1;11;5;134;115;85.8;6
470;Abdelhamid Sabiri\4830e0af;Abdelhamid Sabiri;de GER;GER;FWMF;Sampdoria;2.9;165;1;12;106;56;4;161;5;8;62.5;124;486;175;8;4;0;4;8;175;128;73.1;20
471;Alexis Saelemaekers\ee251371;Alexis Saelemaekers;be BEL;BEL;FW;Milan;16.8;964;16;113;454;484;59;947;47;78;60.3;741;4017;2135;128;41;12;30;31;854;712;83.4;106
472;Jacopo Sala\da5a981b;Jacopo Sala;it ITA;ITA;MF;Spezia;9.8;560;25;175;320;85;6;539;5;7;71.4;347;1415;615;20;7;0;3;12;374;349;93.3;7
473;Eddie Salcedo\0489bb30;Eddie Salcedo;it ITA;ITA;MFFW;Spezia;4.5;190;7;25;88;95;19;183;3;8;37.5;129;554;249;15;8;1;6;10;176;135;76.7;25
474;Lazar Samardzic\217c93a1;Lazar Samardzic;de GER;GER;MFFW;Udinese;2.0;144;2;13;68;70;7;121;7;14;50.0;95;515;278;13;1;2;3;4;101;85;84.2;6
475;Luigi Samele\548fea2f;Luigi Samele;it ITA;ITA;FW;Sassuolo;0.0;3;1;2;0;1;0;3;0;0;;1;0;0;0;0;0;0;1;1;1;100.0;1
476;Antonio Sanabria\0a447501;Antonio Sanabria;py PAR;PAR;FW;Torino;18.1;675;13;40;314;362;92;656;10;19;52.6;437;1758;478;28;15;7;77;42;995;538;54.1;143
477;Alexis Sánchez\2c0f8e9e;Alexis Sánchez;cl CHI;CHI;FW;Inter;8.7;476;3;31;231;249;45;458;16;24;66.7;385;1822;786;54;18;9;12;25;508;382;75.2;83
478;Alex Sandro\0d82903c;Alex Sandro;br BRA;BRA;DF;Juventus;15.1;1058;72;352;505;287;35;952;7;16;43.8;683;4030;2260;96;31;10;11;20;743;702;94.5;30
479;Nicola Sansone\7eb97a8e;Nicola Sansone;it ITA;ITA;FWMF;Bologna;8.5;379;4;53;167;189;16;339;7;25;28.0;279;1432;782;46;12;2;15;15;385;268;69.6;47
480;Federico Santander\df85d472;Federico Santander;py PAR;PAR;FWDF;Bologna;0.7;46;1;3;21;23;4;44;1;2;50.0;29;121;39;2;0;0;3;3;49;38;77.6;7
481;Samir Santos\92b4758e;Samir Santos;br BRA;BRA;DF;Udinese;16.8;878;114;437;417;71;13;817;5;6;83.3;477;2127;1158;33;6;0;7;5;504;487;96.6;5
482;Riccardo Saponara\3bb7af3b;Riccardo Saponara;it ITA;ITA;FW;Fiorentina;10.4;522;5;74;256;248;61;519;12;33;36.4;438;2856;1850;110;34;23;14;19;510;427;83.7;54
483;Martin Satriano\86383d0e;Martin Satriano;it ITA;ITA;FWMF;Inter;0.4;15;0;2;6;8;2;15;0;1;0.0;6;29;0;0;0;0;2;1;19;9;47.4;5
484;Giorgio Scalvini\1e9aa637;Giorgio Scalvini;it ITA;ITA;DFMF;Atalanta;3.3;230;16;104;104;32;10;224;2;2;100.0;119;512;247;13;1;1;2;2;138;129;93.5;5
485;Gianluca Scamacca\8790f988;Gianluca Scamacca;it ITA;ITA;FW;Sassuolo;16.9;619;18;53;332;263;77;579;13;24;54.2;376;1632;682;40;14;5;49;31;762;464;60.9;133
486;Andrea Schiavone\4b55eb4d;Andrea Schiavone;it ITA;ITA;MF;Salernitana;6.3;307;21;82;176;67;11;271;1;1;100.0;161;812;347;18;5;1;7;2;184;165;89.7;8
487;David Schnegg\1c341b14;David Schnegg;at AUT;AUT;DF;Venezia;1.6;115;10;62;40;24;0;97;1;4;25.0;64;267;191;3;2;0;3;5;67;60;89.6;1
488;Jerdy Schouten\2cfae697;Jerdy Schouten;nl NED;NED;MF;Bologna;8.0;500;38;151;291;84;2;492;14;15;93.3;291;1197;490;17;7;0;14;5;342;317;92.7;10
489;Demba Seck\16463a79;Demba Seck;sn SEN;SEN;MF;Torino;0.1;1;0;0;1;1;0;1;1;1;100.0;2;10;4;0;0;0;0;0;1;1;100.0;1
490;Stefano Sensi\b70bde8f;Stefano Sensi;it ITA;ITA;MF;Inter;1.9;146;0;20;73;61;12;145;2;3;66.7;113;694;328;15;4;2;6;4;128;118;92.2;14
491;Stefano Sensi\b70bde8f;Stefano Sensi;it ITA;ITA;MFFW;Sampdoria;4.8;268;5;53;157;87;11;262;9;16;56.3;206;1140;458;24;10;0;12;10;237;200;84.4;21
492;Luigi Sepe\343f753a;Luigi Sepe;it ITA;ITA;GK;Salernitana;7.0;271;233;271;0;0;0;192;0;0;;109;445;330;0;0;0;0;1;119;117;98.3;0
493;Laurens Serpe\79d60e74;Laurens Serpe;it ITA;ITA;DF;Genoa;0.5;36;4;15;20;3;1;34;0;0;;24;161;91;4;2;0;1;1;31;31;100.0;1
494;Stephan El Shaarawy\d3aaad90;Stephan El Shaarawy;it ITA;ITA;DFFW;Roma;8.6;523;8;82;224;257;46;497;16;30;53.3;369;2056;1328;66;26;9;14;8;437;373;85.4;42
495;Aimar Sher\ef301f96;Aimar Sher;se SWE;SWE;MF;Spezia;0.5;27;1;5;18;5;0;27;0;0;;12;46;23;2;1;0;0;1;13;12;92.3;2
496;Eldor Shomurodov\57469b2d;Eldor Shomurodov;uz UZB;UZB;FW;Roma;6.9;263;2;23;98;161;55;258;2;13;15.4;162;860;509;24;10;5;15;13;297;197;66.3;69
497;Alassane Sidibe\f944979d;Alassane Sidibe;ci CIV;CIV;FW;Atalanta;0.1;3;0;2;0;1;0;3;0;0;;1;0;0;0;0;0;0;0;1;1;100.0;0
498;Arnór Sigur?sson\f209b81e;Arnór Sigur?sson;is ISL;ISL;MFFW;Venezia;2.0;74;0;9;31;42;8;71;4;8;50.0;58;294;126;9;3;2;3;8;61;50;82.0;16
499;Adrien Silva\d6f88a1d;Adrien Silva;pt POR;POR;MF;Sampdoria;12.0;748;42;214;463;113;8;725;9;18;50.0;463;1848;976;28;7;1;8;14;472;446;94.5;14
500;Marco Silvestri\0d422df7;Marco Silvestri;it ITA;ITA;GK;Udinese;27.0;794;742;794;0;0;0;526;0;0;;307;1654;1078;0;0;0;0;0;324;323;99.7;0
501;Giovanni Simeone\343c0d52;Giovanni Simeone;ar ARG;ARG;FW;Hellas Verona;22.1;904;22;88;415;446;141;863;25;53;47.2;603;2612;1009;45;17;14;88;67;1187;678;57.1;230
502;Giovanni Simeone\343c0d52;Giovanni Simeone;ar ARG;ARG;FW;Cagliari;0.1;4;0;0;3;1;1;4;0;0;;2;28;4;0;0;0;0;0;8;4;50.0;2
503;Wilfried Singo\8b609c34;Wilfried Singo;ci CIV;CIV;DF;Torino;23.4;1486;56;263;692;630;71;1267;29;68;42.6;938;4669;2509;121;41;18;41;36;1011;882;87.2;48
504;Salvatore Sirigu\10dc46f0;Salvatore Sirigu;it ITA;ITA;GK;Genoa;30.0;1097;951;1094;3;0;0;786;0;0;;503;2095;1198;0;0;0;0;0;522;519;99.4;0
505;Leo Skiri Østigård\b35a7399;Leo Skiri Østigård;no NOR;NOR;DF;Genoa;6.0;307;49;176;136;12;6;302;0;0;;136;898;458;6;3;0;0;1;151;143;94.7;0
506;?ukasz Skorupski\ab4449d6;?ukasz Skorupski;pl POL;POL;GK;Bologna;29.0;1081;954;1079;4;0;0;779;0;0;;517;2291;1133;0;0;0;1;0;496;493;99.4;0
507;Andreas Skov Olsen\c50cee19;Andreas Skov Olsen;dk DEN;DEN;DFFW;Bologna;8.3;494;19;92;230;214;22;433;7;23;30.4;312;1742;1048;50;20;6;16;6;418;329;78.7;31
508;Milan Škriniar\30f5ffa9;Milan Škriniar;sk SVK;SVK;DF;Inter;26.0;1791;249;910;817;163;28;1739;10;11;90.9;1247;6265;2701;84;21;0;8;6;1386;1362;98.3;17
509;Chris Smalling\b6964eb6;Chris Smalling;eng ENG;ENG;DF;Roma;17.2;902;137;521;396;24;15;877;1;1;100.0;511;2409;994;13;3;0;0;1;529;521;98.5;4
510;Brandon Soppy\28f66c2e;Brandon Soppy;fr FRA;FRA;DFMF;Udinese;6.6;270;17;67;117;105;19;247;11;27;40.7;184;987;595;24;6;4;11;9;215;156;72.6;16
511;Roberto Soriano\9d4c45d6;Roberto Soriano;it ITA;ITA;MFFW;Bologna;23.6;1255;42;231;697;426;52;1235;20;33;60.6;842;4798;2309;109;45;7;34;21;1164;939;80.7;101
512;Riccardo Sottil\94816803;Riccardo Sottil;it ITA;ITA;FW;Fiorentina;12.5;489;4;39;244;273;48;484;15;31;48.4;409;4078;2517;113;38;21;23;20;527;396;75.1;68
513;Matìas Soulé\c13ddd3e;Matìas Soulé;ar ARG;ARG;FW;Juventus;0.1;9;0;1;6;2;0;8;1;1;100.0;8;65;42;4;0;0;0;0;7;7;100.0;0
514;Adama Soumaoro\7b075c75;Adama Soumaoro;fr FRA;FRA;DF;Bologna;18.3;938;107;411;504;72;14;901;5;7;71.4;568;2593;1296;38;10;1;5;3;604;579;95.9;3
515;Marco Sportiello\ac4003af;Marco Sportiello;it ITA;ITA;GK;Atalanta;4.0;113;99;112;1;0;0;84;0;0;;54;166;75;0;0;0;0;0;44;44;100.0;0
516;Luca Stanga\2967bcd0;Luca Stanga;it ITA;ITA;DF;Milan;0.0;4;0;0;2;2;0;4;0;0;;3;23;18;0;0;0;0;1;3;3;100.0;0
517;Petar Stojanovi?\13b44b02;Petar Stojanovi?;si SVN;SVN;DF;Empoli;23.7;1694;92;493;808;524;30;1412;40;71;56.3;1038;5856;3514;152;58;9;23;46;1020;955;93.6;25
518;Thomas Strakosha\339fe0e8;Thomas Strakosha;al ALB;ALB;GK;Lazio;15.0;482;449;479;3;0;0;385;0;0;;267;1147;567;0;0;0;0;0;265;265;100.0;0
519;Stefan Strandberg\6d5e62b0;Stefan Strandberg;no NOR;NOR;DF;Salernitana;10.4;630;110;352;281;41;14;582;2;2;100.0;329;2105;1180;21;9;0;0;1;359;355;98.9;1
520;Dávid Strelec\2cb9486d;Dávid Strelec;sk SVK;SVK;FWMF;Spezia;5.3;188;8;35;86;76;20;187;2;9;22.2;118;548;297;15;4;6;5;9;159;110;69.2;26
521;Kevin Strootman\ef2e5e1a;Kevin Strootman;nl NED;NED;MF;Cagliari;7.1;423;26;137;255;53;3;406;2;4;50.0;240;1152;542;14;1;1;2;1;295;272;92.2;3
522;Jens Stryger Larsen\f91e81c9;Jens Stryger Larsen;dk DEN;DEN;DF;Udinese;7.6;348;19;112;134;125;12;281;2;7;28.6;183;846;446;24;9;2;6;7;250;208;83.2;9
523;Leo Štulac\92948398;Leo Štulac;si SVN;SVN;MF;Empoli;7.2;432;19;136;232;84;2;398;3;3;100.0;260;1160;630;21;2;0;3;3;312;297;95.2;7
524;Stefano Sturaro\2334478a;Stefano Sturaro;it ITA;ITA;MF;Genoa;17.8;745;40;162;392;225;26;726;2;13;15.4;384;1410;644;28;8;4;22;24;535;390;72.9;40
525;Isaac Success\f573a8bf;Isaac Success;ng NGA;NGA;FWMF;Udinese;6.1;274;6;25;116;145;41;273;11;18;61.1;195;861;472;28;8;7;29;12;357;217;60.8;60
526;Vladyslav Supriaha\73affbb6;Vladyslav Supriaha;ua UKR;UKR;FW;Sampdoria;0.2;6;0;0;2;4;1;6;0;1;0.0;5;13;6;1;0;0;1;0;7;6;85.7;1
527;Bosko Sutalo\1d0bb7e4;Bosko Sutalo;hr CRO;CRO;DF;Hellas Verona;7.7;460;51;192;221;69;8;430;7;14;50.0;270;1368;641;24;3;2;5;4;278;247;88.8;5
528;Mattias Svanberg\92d83c27;Mattias Svanberg;se SWE;SWE;MF;Bologna;23.8;1145;39;251;627;337;31;1095;16;35;45.7;727;3198;1699;85;30;3;29;15;874;763;87.3;50
529;Michael Svoboda\8abd174d;Michael Svoboda;at AUT;AUT;DF;Venezia;9.6;549;114;335;236;21;7;537;2;3;66.7;318;2141;1423;34;7;0;1;5;344;335;97.4;0
530;Wojciech Szcz?sny\01b8a2b2;Wojciech Szcz?sny;pl POL;POL;GK;Juventus;27.0;880;781;875;8;0;0;691;1;1;100.0;450;1994;927;0;0;0;0;0;471;471;100.0;0
531;Adrien Tameze\8da74c05;Adrien Tameze;cm CMR;CMR;MFDF;Hellas Verona;21.2;1269;63;310;693;332;41;1211;24;44;54.5;839;4078;2092;79;28;5;35;29;823;760;92.3;51
532;Ciprian T?t?ru?anu\b056e3da;Ciprian T?t?ru?anu;ro ROU;ROU;GK;Milan;6.0;217;193;216;1;0;0;169;0;0;;115;681;464;0;0;0;0;0;125;124;99.2;0
533;Filippo Terracciano\5cbb5ad6;Filippo Terracciano;it ITA;ITA;DF;Hellas Verona;0.1;7;0;2;2;3;1;5;0;0;;1;1;0;0;0;0;0;0;2;2;100.0;1
534;Pietro Terracciano\e1b0a70d;Pietro Terracciano;it ITA;ITA;GK;Fiorentina;22.8;1166;1005;1161;8;0;0;981;1;1;100.0;707;3220;1547;0;0;0;0;2;767;761;99.2;0
535;Aleksa Terzi?\3ef0a2d7;Aleksa Terzi?;rs SRB;SRB;DF;Fiorentina;2.5;234;8;96;99;50;2;196;1;4;25.0;142;654;344;14;4;0;2;4;157;146;93.0;6
536;Tanner Tessmann\ac277993;Tanner Tessmann;us USA;USA;MF;Venezia;6.7;298;37;122;157;51;8;292;9;12;75.0;191;1259;705;18;7;2;9;8;184;160;87.0;16
537;Arthur Theate\df8d6029;Arthur Theate;be BEL;BEL;DF;Bologna;21.0;1390;119;618;756;121;18;1336;10;15;66.7;941;5123;2816;89;19;0;11;6;977;955;97.7;8
538;Morten Thorsby\d1b49282;Morten Thorsby;no NOR;NOR;MF;Sampdoria;25.7;1047;57;224;589;266;53;1036;4;11;36.4;509;1891;873;38;10;0;43;25;921;632;68.6;51
539;Jeremy Toljan\a96e5dc0;Jeremy Toljan;de GER;GER;DF;Sassuolo;15.1;950;62;342;439;223;25;806;3;13;23.1;562;2686;1326;57;18;4;17;6;638;587;92.0;46
540;Rafael Tolói\c56dc39e;Rafael Tolói;it ITA;ITA;DF;Atalanta;14.9;1022;77;376;557;135;18;988;4;6;66.7;638;2939;1507;63;20;1;4;4;698;665;95.3;8
541;Takehiro Tomiyasu\b3af9be1;Takehiro Tomiyasu;jp JPN;JPN;DF;Bologna;0.1;6;0;2;1;3;0;5;1;1;100.0;4;0;0;0;0;0;1;0;2;2;100.0;0
542;Fikayo Tomori\7edfbb8a;Fikayo Tomori;eng ENG;ENG;DF;Milan;22.4;1479;184;840;695;45;10;1417;5;7;71.4;928;4864;2605;35;8;0;4;2;1017;999;98.2;5
543;Sandro Tonali\0db169ae;Sandro Tonali;it ITA;ITA;MF;Milan;21.8;1377;49;305;803;355;18;1230;27;40;67.5;905;4878;2413;103;24;6;23;18;953;883;92.7;28
544;Lorenzo Tonelli\8cc29864;Lorenzo Tonelli;it ITA;ITA;DF;Empoli;9.4;632;99;319;317;28;10;582;2;4;50.0;352;1937;1165;31;4;0;2;2;379;373;98.4;0
545;Ernesto Torregrossa\bf39bdec;Ernesto Torregrossa;it ITA;ITA;FW;Sampdoria;1.3;65;1;3;36;32;7;64;0;1;0.0;46;160;83;5;3;0;3;5;88;53;60.2;22
546;Lucas Torreira\52611641;Lucas Torreira;uy URU;URU;MF;Fiorentina;20.5;1317;37;316;846;227;25;1254;5;11;45.5;783;3310;1432;48;18;3;10;8;944;898;95.1;25
547;Abdoulaye Touré\ef7cd87a;Abdoulaye Touré;fr FRA;FRA;MF;Genoa;4.8;227;9;52;147;39;7;225;7;10;70.0;127;564;195;11;3;2;1;2;163;131;80.4;3
548;Simone Trimboli\f5f21026;Simone Trimboli;it ITA;ITA;MF;Sampdoria;0.1;12;0;4;7;2;0;12;0;0;;8;58;47;2;0;0;0;1;10;9;90.0;0
549;Axel Tuanzebe\2baec6ce;Axel Tuanzebe;eng ENG;ENG;DF;Napoli;0.1;5;1;4;1;0;0;5;0;0;;3;14;4;0;0;0;0;0;3;3;100.0;0
550;Iyenoma Udogie\7cd520e8;Iyenoma Udogie;it ITA;ITA;DF;Udinese;19.2;842;37;224;417;276;38;750;23;44;52.3;529;3654;2110;91;30;13;28;30;529;431;81.5;31
551;Maximilian Ullmann\caaf2ed1;Maximilian Ullmann;at AUT;AUT;DF;Venezia;1.2;30;6;15;11;6;0;28;1;2;50.0;15;60;43;4;2;0;2;1;19;13;68.4;0
552;Antonio Vacca\444c89d9;Antonio Vacca;it ITA;ITA;MF;Venezia;9.4;661;62;294;357;45;2;618;9;12;75.0;412;2253;1095;26;7;1;2;8;423;402;95.0;8
553;Zinho Vanheusden\afbf187b;Zinho Vanheusden;be BEL;BEL;DF;Genoa;11.0;536;92;324;196;46;11;516;1;5;20.0;299;1795;833;24;8;1;1;1;317;305;96.2;4
554;Johan Vasquez\5eaed77a;Johan Vasquez;mx MEX;MEX;DF;Genoa;20.1;1181;145;619;518;96;20;1079;1;5;20.0;598;3023;1601;48;10;1;6;11;634;611;96.4;5
555;Denis Vavro\08990838;Denis Vavro;sk SVK;SVK;DF;Lazio;0.1;6;1;4;3;0;0;6;0;0;;3;28;22;0;0;0;0;0;5;5;100.0;0
556;Matías Vecino\44ac04e9;Matías Vecino;uy URU;URU;MF;Inter;4.2;255;12;65;137;69;13;248;0;2;0.0;160;834;480;26;8;0;3;3;198;168;84.8;14
557;Miguel Veloso\ab1ca213;Miguel Veloso;pt POR;POR;MF;Hellas Verona;13.4;961;27;193;585;248;10;853;4;5;80.0;536;3302;1604;54;16;3;5;8;590;564;95.6;13
558;Lorenzo Venuti\983ff2c7;Lorenzo Venuti;it ITA;ITA;DF;Fiorentina;10.8;680;34;259;327;129;12;597;0;2;0.0;450;1736;880;30;9;4;9;6;503;471;93.6;14
559;Daniele Verde\d3298c99;Daniele Verde;it ITA;ITA;FWMF;Spezia;17.2;826;12;124;362;386;46;704;9;18;50.0;522;3192;1418;86;21;21;15;9;683;554;81.1;58
560;Simone Verdi\0375723e;Simone Verdi;it ITA;ITA;FWMF;Torino;0.5;27;1;3;12;13;1;25;0;1;0.0;16;38;32;2;1;0;0;3;19;15;78.9;4
561;Simone Verdi\0375723e;Simone Verdi;it ITA;ITA;FWMF;Salernitana;4.1;221;3;25;103;122;10;186;9;18;50.0;151;885;525;31;15;4;6;9;181;148;81.8;16
562;Jordan Veretout\4a56052c;Jordan Veretout;fr FRA;FRA;MF;Roma;21.6;1334;40;265;807;349;30;1240;7;14;50.0;867;4861;2349;97;29;4;15;7;1015;951;93.7;56
563;Edoardo Vergani\2873973b;Edoardo Vergani;it ITA;ITA;FWMF;Salernitana;1.0;37;5;10;17;12;2;37;1;3;33.3;20;90;13;1;0;1;5;1;44;23;52.3;6
564;Valerio Verre\33ecf462;Valerio Verre;it ITA;ITA;MFFW;Sampdoria;4.7;290;4;40;155;122;14;284;6;9;66.7;218;1118;657;34;16;1;11;8;258;207;80.2;29
565;Valerio Verre\33ecf462;Valerio Verre;it ITA;ITA;FWMF;Empoli;1.0;56;1;10;24;27;7;56;2;2;100.0;47;222;131;6;4;0;5;5;57;46;80.7;9
566;Freddie Veseli\d541e703;Freddie Veseli;al ALB;ALB;DF;Salernitana;6.6;262;37;124;132;21;0;232;3;4;75.0;135;613;295;9;0;0;2;0;143;140;97.9;0
567;Guglielmo Vicario\77d6fd4d;Guglielmo Vicario;it ITA;ITA;GK;Empoli;30.0;1118;1019;1114;5;0;0;837;0;0;;551;2574;1609;0;0;0;1;0;512;512;100.0;0
568;Arturo Vidal\67cdbc0e;Arturo Vidal;cl CHI;CHI;MF;Inter;6.8;552;21;135;314;137;29;542;6;7;85.7;346;1502;828;28;11;3;6;6;422;396;93.8;23
569;Ronaldo Vieira\75e60d75;Ronaldo Vieira;gw GNB;GNB;MFFW;Sampdoria;1.3;116;4;30;80;15;0;112;2;4;50.0;79;375;162;5;1;0;0;3;99;86;86.9;6
570;Luca Vignali\c1e8e74e;Luca Vignali;it ITA;ITA;DF;Spezia;0.9;59;2;24;24;13;0;49;1;1;100.0;31;99;46;2;0;0;1;2;44;37;84.1;3
571;Emanuel Vignato\ec5dae45;Emanuel Vignato;it ITA;ITA;MFDF;Bologna;6.2;430;7;82;227;160;14;405;10;12;83.3;313;2128;1097;56;16;5;3;11;352;316;89.8;15
572;Matías Viña\08eb3b58;Matías Viña;uy URU;URU;DF;Roma;17.0;1036;53;322;495;269;27;879;12;32;37.5;584;2599;1652;68;23;8;26;9;616;568;92.2;31
573;Nicolas Viola\45392b06;Nicolas Viola;it ITA;ITA;MF;Bologna;1.0;64;2;16;31;19;2;56;2;3;66.7;33;139;68;1;0;0;2;1;39;35;89.7;0
574;Mattia Viti\75438a9a;Mattia Viti;it ITA;ITA;DF;Empoli;12.2;676;125;354;332;33;5;629;6;10;60.0;400;2464;1508;34;3;0;0;2;396;386;97.5;1
575;Dušan Vlahovi?\79443529;Dušan Vlahovi?;rs SRB;SRB;FW;Juventus;6.0;230;2;9;109;123;46;225;6;14;42.9;177;783;357;22;3;2;27;15;319;192;60.2;82
576;Dušan Vlahovi?\79443529;Dušan Vlahovi?;rs SRB;SRB;FW;Fiorentina;20.6;708;21;38;363;337;131;658;16;25;64.0;442;1758;703;36;14;8;75;56;1008;539;53.5;178
577;Mërgim Vojvoda\be2706c0;Mërgim Vojvoda;xk KVX;KVX;DF;Torino;16.2;992;53;225;483;356;21;861;14;22;63.6;601;3081;1615;74;35;3;9;10;655;587;89.6;19
578;Cristian Volpato\72f87f25;Cristian Volpato;au AUS;AUS;MF;Roma;0.3;19;0;2;10;11;3;19;1;1;100.0;16;98;63;5;2;1;0;2;17;15;88.2;5
579;Stefan de Vrij\d0d8dd44;Stefan de Vrij;nl NED;NED;DF;Inter;20.4;1339;211;766;625;30;18;1292;2;2;100.0;837;5474;2673;47;2;0;2;4;922;911;98.8;0
580;Walace\26db8853;Walace;br BRA;BRA;MF;Udinese;24.9;1495;93;458;881;260;15;1439;22;31;71.0;971;5248;2558;93;28;0;16;30;972;910;93.6;12
581;Sebastian Walukiewicz\217875a4;Sebastian Walukiewicz;pl POL;POL;DF;Cagliari;3.1;196;24;111;91;10;1;187;6;6;100.0;131;774;377;9;2;0;1;0;144;143;99.3;0
582;Magnus Warming\55e098cd;Magnus Warming;dk DEN;DEN;FWDF;Torino;0.6;28;0;4;11;14;4;28;1;1;100.0;19;198;125;5;1;2;1;4;30;17;56.7;6
583;Kelvin Yeboah\ea0893d6;Kelvin Yeboah;it ITA;ITA;FW;Genoa;5.8;223;7;23;101;114;36;218;7;15;46.7;142;726;434;22;6;9;24;19;287;147;51.2;36
584;Gerard Yepes\ee9040b4;Gerard Yepes;es ESP;ESP;MFDF;Sampdoria;0.2;20;1;7;13;2;0;20;0;0;;14;113;65;4;1;0;0;0;13;13;100.0;0
585;Maya Yoshida\caffaf5a;Maya Yoshida;jp JPN;JPN;DF;Sampdoria;18.9;1061;194;615;458;42;14;1038;3;4;75.0;597;2930;1375;26;4;0;1;3;646;636;98.5;6
586;Mattia Zaccagni\d85c238b;Mattia Zaccagni;it ITA;ITA;FW;Lazio;13.6;702;11;102;313;352;67;689;27;53;50.9;566;3817;2430;125;33;23;23;19;644;551;85.6;70
587;Mattia Zaccagni\d85c238b;Mattia Zaccagni;it ITA;ITA;MFFW;Hellas Verona;2.0;100;1;6;39;62;11;87;3;5;60.0;69;427;279;15;4;5;3;6;91;68;74.7;22
588;Denis Zakaria\384d58d9;Denis Zakaria;ch SUI;SUI;MF;Juventus;2.3;76;4;20;45;19;2;75;1;1;100.0;49;339;176;11;4;1;3;3;57;43;75.4;3
589;Nicola Zalewski\45191c29;Nicola Zalewski;pl POL;POL;DF;Roma;3.8;286;5;98;142;66;7;246;11;18;61.1;178;1011;702;30;9;3;3;3;175;162;92.6;7
590;Andre-Frank Zambo Anguissa\6bb2c084;Andre-Frank Zambo Anguissa;cm CMR;CMR;MF;Napoli;15.4;1109;44;208;660;308;38;1092;27;40;67.5;765;3641;1705;84;34;9;23;27;887;824;92.9;51
591;Nicolò Zaniolo\9907b1c8;Nicolò Zaniolo;it ITA;ITA;FW;Roma;18.8;842;8;78;426;438;97;812;45;93;48.4;670;4513;2640;118;52;21;69;56;838;624;74.5;152
592;Alessandro Zanoli\3b12b11f;Alessandro Zanoli;it ITA;ITA;DF;Napoli;0.5;40;0;14;19;12;1;37;1;2;50.0;32;222;101;4;1;0;1;1;28;27;96.4;0
593;Mattia Zanotti\875d65d1;Mattia Zanotti;it ITA;ITA;DF;Inter;0.1;13;0;2;2;9;1;10;0;0;;8;32;5;0;0;0;0;0;10;10;100.0;1
594;Duvan Zapata\d3de9af0;Duvan Zapata;co COL;COL;FW;Atalanta;13.4;546;8;26;201;367;139;512;24;46;52.2;425;2176;1325;73;27;23;53;37;745;435;58.4;158
595;Gabriele Zappa\ca3db240;Gabriele Zappa;it ITA;ITA;DF;Cagliari;12.0;723;56;273;336;161;10;635;5;17;29.4;425;2177;1187;48;17;3;7;13;475;431;90.7;9
596;Davide Zappacosta\7fe90ccd;Davide Zappacosta;it ITA;ITA;DF;Atalanta;17.7;1169;33;284;504;457;65;1016;10;33;30.3;807;3637;2050;102;28;17;18;23;930;811;87.2;47
597;Simone Zaza\9592289a;Simone Zaza;it ITA;ITA;FWMF;Torino;1.4;77;4;9;27;46;12;76;2;6;33.3;40;112;62;2;1;0;5;4;97;51;52.6;11
598;Marvin Zeegelaar\8abd0c03;Marvin Zeegelaar;nl NED;NED;DF;Udinese;5.7;309;37;133;149;36;2;284;5;8;62.5;162;645;291;16;3;0;3;1;172;155;90.1;2
599;Piotr Zieli?ski\a5296e55;Piotr Zieli?ski;pl POL;POL;MF;Napoli;19.6;1171;14;137;623;495;63;1110;20;37;54.1;775;3880;1991;102;44;6;31;19;1044;916;87.7;112
600;David Zima\acf7e795;David Zima;cz CZE;CZE;DF;Torino;9.5;501;50;199;262;76;9;493;5;7;71.4;311;1746;783;26;10;1;4;3;336;321;95.5;6
601;Jeroen Zoet\cc1a0c57;Jeroen Zoet;nl NED;NED;GK;Spezia;7.0;256;235;256;1;0;0;186;0;0;;111;451;222;0;0;0;0;0;115;114;99.1;0
602;Nadir Zortea\82598b71;Nadir Zortea;it ITA;ITA;DFMF;Salernitana;10.9;443;29;135;174;176;15;381;18;34;52.9;281;1643;998;46;9;8;8;16;312;243;77.9;26
603;Szymon ?urkowski\4e1d5e59;Szymon ?urkowski;pl POL;POL;MF;Empoli;19.6;1062;43;227;535;418;53;1056;23;33;69.7;774;5408;3103;140;51;5;35;48;814;699;85.9;71
604;Milan ?uri?\405f6586;Milan ?uri?;ba BIH;BIH;FW;Salernitana;16.8;595;26;54;311;245;106;581;8;12;66.7;217;600;215;12;4;4;36;19;779;485;62.3;77
605;Filip ?uri?i?\eccbe56a;Filip ?uri?i?;rs SRB;SRB;MFFW;Sassuolo;7.0;291;7;47;151;124;26;282;7;17;41.2;221;1355;900;40;19;5;20;13;280;224;80.0;41
